account_length,international_plan,voice_mail_plan,number_vmail_messages,customer_service_calls,churn,total_charge,total_minutes,total_calls
128,0,1,25,1,False,75.56,717.2,303
107,0,1,26,1,False,59.24000000000001,625.2,332
137,0,0,0,0,False,62.290000000000006,539.4000000000001,333
84,1,0,0,2,False,66.8,564.8,255
75,1,0,0,3,False,52.089999999999996,512.0,359
118,1,0,0,0,False,67.61,654.1999999999999,323
121,0,1,24,3,False,78.31,786.8000000000001,321
147,1,0,0,0,False,46.900000000000006,479.00000000000006,275
117,0,0,0,1,False,73.32,760.6000000000001,271
141,1,1,37,0,False,80.53999999999999,818.2,297
65,0,0,0,4,True,54.2,579.1000000000001,337
74,0,0,0,0,False,57.08,556.2,374
168,0,0,0,1,False,40.190000000000005,386.0,297
95,0,0,0,3,False,59.64,608.8,283
62,0,0,0,4,False,59.309999999999995,644.0,251
161,0,0,0,4,True,92.29,816.7,301
85,0,1,27,1,False,65.02,580.3999999999999,308
93,0,0,0,3,False,58.989999999999995,546.6,349
76,0,1,33,1,False,60.50000000000001,578.2,244
73,0,0,0,1,False,63.9,589.7,254
147,0,0,0,0,False,59.0,614.1999999999999,347
77,0,0,0,5,True,36.019999999999996,447.59999999999997,280
130,0,0,0,0,False,48.06,447.20000000000005,308
111,0,0,0,2,False,41.05,445.0,316
132,0,0,0,0,False,48.08,573.5999999999999,275
174,0,0,0,3,False,60.15,667.6,308
57,0,1,39,0,False,63.24,596.3,345
54,0,0,0,3,False,44.61,406.59999999999997,245
20,0,0,0,0,False,64.12,636.0,301
49,0,0,0,1,False,49.6,524.1999999999999,317
142,0,0,0,2,False,41.14,486.2,312
75,0,0,0,1,False,69.42999999999999,684.0999999999999,315
172,0,0,0,3,False,55.29,549.1,324
12,0,0,0,1,True,79.67999999999999,794.0,330
57,0,1,25,0,False,58.49,593.5999999999999,289
72,0,1,37,3,False,66.72,604.8000000000001,259
36,0,1,30,0,False,48.42,452.6,323
78,0,0,0,1,False,54.2,592.3,293
136,1,1,33,3,False,58.03,503.7,318
149,0,0,0,1,False,58.44,611.6,303
98,0,0,0,3,False,46.63999999999999,490.3,324
135,1,1,41,0,True,56.199999999999996,513.8,285
34,0,0,0,2,False,61.92999999999999,728.5,262
160,0,0,0,3,False,39.15,438.8,283
64,0,0,0,1,False,58.260000000000005,648.6,274
59,0,1,28,2,False,48.3,505.5,310
65,0,0,0,3,False,59.36000000000001,521.8,365
142,0,0,0,2,False,56.129999999999995,571.1999999999999,339
119,0,0,0,5,True,55.53,542.3999999999999,325
97,0,1,24,1,False,47.25,432.0,275
52,0,0,0,3,False,68.32,706.3,296
60,0,0,0,1,False,68.49000000000001,687.5,304
10,0,0,0,2,False,63.620000000000005,670.4999999999999,241
96,0,0,0,2,False,62.76,665.5,257
87,0,0,0,5,True,56.14,584.3000000000001,329
81,0,0,0,1,False,65.94,705.2,253
141,0,0,0,1,False,45.370000000000005,455.7,290
121,0,1,30,3,True,49.849999999999994,460.7,286
68,0,0,0,3,False,55.36000000000001,537.2,340
125,0,0,0,1,False,65.82,608.0,332
174,0,0,0,1,False,57.67999999999999,540.0,249
116,0,1,34,2,False,71.41999999999999,624.7,334
74,0,1,33,2,False,64.0,592.4,282
149,0,1,28,3,False,62.029999999999994,646.6,212
38,0,0,0,2,False,45.51,461.3,307
40,0,1,41,2,False,50.89000000000001,537.9000000000001,269
43,1,0,0,0,False,70.46,631.4,280
113,1,0,0,0,False,46.88,469.20000000000005,359
126,0,0,0,1,False,63.42999999999999,589.8,211
150,0,0,0,4,True,55.199999999999996,510.40000000000003,314
138,0,0,0,3,False,72.08,719.4,287
162,0,1,46,0,False,68.96,679.8000000000001,244
147,0,0,0,3,False,64.84,578.0,281
90,0,0,0,1,False,62.67999999999999,589.8,372
85,0,0,0,0,False,65.16,593.2,305
50,0,0,0,1,False,55.49999999999999,567.9,275
82,0,0,0,0,True,81.75,763.1000000000001,286
144,0,0,0,4,True,27.02,319.9,308
46,0,0,0,2,False,60.57,564.2,292
70,0,0,0,1,False,56.459999999999994,569.0,278
144,0,0,0,1,False,73.63,741.8000000000001,294
116,1,0,0,3,False,69.96000000000001,711.3000000000001,297
55,0,1,25,3,False,50.599999999999994,488.4,310
70,0,1,24,1,False,77.16000000000001,741.6999999999999,271
106,0,0,0,2,True,68.94,663.5999999999999,270
128,0,1,29,0,False,66.53999999999999,736.8000000000001,275
94,0,0,0,4,True,50.709999999999994,510.5,295
111,0,0,0,1,False,65.6,617.2,294
74,0,1,35,2,False,48.72,490.5,254
128,0,0,0,1,True,74.64,708.3,290
82,0,0,0,1,False,48.96,459.5,262
155,0,0,0,0,True,62.03,599.1999999999999,327
80,0,0,0,1,False,49.36000000000001,558.4,278
78,0,0,0,3,False,72.6,704.7,317
90,0,0,0,3,False,55.26,508.0,250
104,0,0,0,1,False,64.21000000000001,532.3999999999999,361
73,0,0,0,0,False,56.68999999999999,560.5,258
99,0,0,0,4,False,62.25000000000001,605.1,279
120,0,0,0,1,True,62.809999999999995,594.0,336
77,0,0,0,2,True,75.32000000000001,742.5,314
98,0,1,21,4,False,57.24,577.9999999999999,297
108,0,0,0,0,False,56.129999999999995,511.0,320
135,0,0,0,0,False,46.849999999999994,461.2,293
95,0,0,0,1,False,52.980000000000004,576.4000000000001,316
122,0,0,0,1,False,57.989999999999995,604.0999999999999,280
95,0,0,0,4,False,68.13,627.0999999999999,282
36,0,1,29,2,False,75.88000000000001,679.8,297
93,0,1,21,1,False,46.42999999999999,509.2,335
141,0,1,32,1,False,49.0,509.20000000000005,331
157,0,0,0,3,False,65.09,628.7,326
120,0,0,0,1,False,62.61000000000001,609.6999999999999,277
103,0,0,0,2,False,63.86,643.7,304
98,0,0,0,4,False,57.120000000000005,591.6999999999999,347
125,0,0,0,1,False,53.78999999999999,593.8,319
63,0,0,0,1,False,36.48,449.29999999999995,275
36,1,1,42,0,True,66.75,610.0,343
64,0,0,0,1,False,47.010000000000005,386.59999999999997,317
74,0,0,0,1,True,76.91000000000001,681.8,281
112,0,1,36,2,False,43.410000000000004,458.79999999999995,320
97,0,0,0,2,False,67.83,606.6000000000001,322
46,0,0,0,1,False,67.59,650.7,292
41,0,1,22,0,False,56.74,505.0,314
121,0,0,0,3,False,60.61,604.8,327
193,0,0,0,1,False,48.51,427.70000000000005,311
130,0,0,0,2,False,48.29,500.99999999999994,339
85,0,0,0,1,False,68.33999999999999,695.3,265
162,0,0,0,4,True,34.84,392.1,280
61,0,1,27,4,True,56.23,566.1999999999999,362
92,0,0,0,2,False,42.41,469.59999999999997,303
131,0,1,36,3,False,64.63,650.0999999999999,338
90,0,0,0,3,False,52.78999999999999,521.0,331
75,0,0,0,1,False,54.919999999999995,587.3000000000001,296
78,0,0,0,1,False,73.17999999999999,732.3,378
82,0,0,0,4,False,62.34,614.7,259
163,0,0,0,1,False,62.46,615.1,327
91,1,0,0,3,False,50.95,561.6000000000001,328
75,0,1,21,5,False,60.49999999999999,636.0999999999999,341
91,0,0,0,3,False,64.42999999999999,620.8,351
127,0,1,36,1,False,56.790000000000006,584.5,272
113,0,1,23,2,False,57.660000000000004,525.8000000000001,225
110,0,0,0,1,False,60.8,630.9,314
120,0,1,39,0,False,67.04,685.0,285
157,0,1,28,3,False,56.14,504.6,325
103,0,0,0,1,False,70.71,654.2,231
117,1,0,0,2,True,58.53,608.1,312
140,0,0,0,3,False,61.86,516.6999999999999,299
127,0,0,0,1,False,55.09,567.3000000000001,282
83,1,0,0,1,False,73.16,620.6,322
121,0,0,0,1,False,58.989999999999995,570.0,327
145,0,1,43,2,False,73.5,717.8,282
113,0,0,0,1,False,62.38,598.1,297
117,0,0,0,1,False,51.239999999999995,618.6,322
65,0,0,0,1,False,57.60000000000001,580.3,325
56,0,0,0,1,False,67.72000000000001,621.9,383
96,0,0,0,5,False,71.92,687.4,252
151,0,0,0,0,False,69.83,746.5,359
83,0,0,0,0,True,87.89,734.4999999999999,357
139,0,1,23,0,False,63.150000000000006,677.5,339
6,0,0,0,1,False,63.82,629.1,270
115,0,1,24,1,False,49.760000000000005,499.90000000000003,371
87,0,0,0,0,False,45.92,453.1,311
141,0,0,0,0,False,72.08999999999999,724.1,330
141,0,1,36,3,False,65.57,668.9,325
62,0,0,0,1,False,42.26,483.09999999999997,308
146,0,0,0,1,False,56.87,528.1999999999999,334
92,0,1,33,2,False,73.05999999999999,697.6999999999999,290
185,0,1,31,1,False,60.10000000000001,625.4000000000001,388
148,0,0,0,1,False,69.71000000000001,717.4,323
94,0,1,38,1,False,53.580000000000005,482.09999999999997,317
32,0,0,0,0,False,63.81,578.5999999999999,232
68,0,0,0,1,False,67.25,571.2,291
64,0,1,27,2,False,55.650000000000006,527.1,280
25,0,0,0,3,False,53.2,610.2,278
65,0,0,0,1,False,47.09,492.20000000000005,332
179,0,0,0,0,False,62.61999999999999,619.4,326
94,0,0,0,2,False,68.0,603.6,342
62,0,0,0,0,False,53.26,544.9000000000001,316
127,0,0,0,2,False,65.75,638.2,305
116,0,0,0,3,False,59.73,591.8000000000001,291
70,0,0,0,3,False,73.36,725.5999999999999,346
94,1,1,23,4,False,67.00999999999999,703.3,369
126,0,0,0,5,True,31.05,345.59999999999997,304
67,0,1,36,2,False,50.169999999999995,533.0999999999999,320
19,0,0,0,2,False,66.83000000000001,669.0,289
170,1,0,0,3,False,73.32999999999998,647.6999999999999,314
73,0,0,0,1,False,73.02,734.8,385
106,0,0,0,1,False,44.13,431.7,320
93,0,0,0,2,False,72.09,589.1999999999999,303
164,0,0,0,1,False,52.02,519.9,352
51,0,0,0,1,False,68.3,660.1,314
107,0,0,0,0,False,45.54,435.4,298
130,0,0,0,1,False,51.06,515.1,284
80,0,0,0,2,False,64.00999999999999,622.0,274
94,0,0,0,0,False,51.019999999999996,504.09999999999997,339
118,0,1,23,1,False,71.30999999999999,584.7,255
117,0,1,23,1,False,58.690000000000005,562.4,270
78,0,0,0,0,False,55.32999999999999,603.1,368
208,0,0,0,2,True,81.57000000000001,695.2,288
131,1,1,26,4,True,81.97999999999999,761.6999999999999,332
63,0,0,0,0,False,43.73,518.7,262
53,0,1,24,3,False,58.3,629.2,383
62,0,0,0,2,False,72.94,766.7,326
97,0,0,0,3,False,65.25,648.9,298
105,0,0,0,2,False,50.68,543.0,246
157,0,0,0,1,False,59.300000000000004,617.6999999999999,282
66,0,1,36,1,False,47.81,519.0,272
122,0,0,0,2,False,60.370000000000005,521.2,262
38,0,0,0,3,False,61.89,615.2,284
106,0,0,0,3,False,64.26,638.1000000000001,294
99,0,0,0,3,False,72.33,705.8,297
99,0,0,0,1,False,65.82,596.5,289
144,1,0,0,0,False,67.6,657.3000000000001,308
82,0,1,24,1,False,55.559999999999995,532.8000000000001,308
86,0,1,31,1,False,52.49999999999999,539.7,384
70,1,0,0,2,True,65.97,545.6,310
93,0,0,0,3,False,58.9,594.5999999999999,328
93,0,0,0,0,False,52.279999999999994,521.2,288
120,0,0,0,3,False,62.87,674.3,260
136,0,0,0,1,True,75.54,681.3,355
106,0,0,0,0,False,57.68,528.9,338
81,0,0,0,3,False,57.02,560.6,319
127,0,1,22,1,False,56.81999999999999,595.6,291
65,0,0,0,1,False,57.44,633.6,314
35,0,0,0,2,False,56.21,574.6999999999999,345
88,0,0,0,2,False,39.769999999999996,483.40000000000003,287
65,0,0,0,1,False,68.19000000000001,700.7,332
123,0,0,0,3,False,68.02,680.8000000000001,301
126,0,1,27,2,False,53.8,461.9,303
104,0,1,23,4,False,76.12,650.9,333
45,0,1,22,0,False,70.6,684.9999999999999,287
93,1,0,0,0,True,76.66999999999999,669.5,285
63,1,1,36,1,False,70.45,698.9,319
100,0,0,0,3,False,64.77000000000001,614.5,346
53,0,0,0,0,False,57.309999999999995,554.3000000000001,299
92,1,0,0,1,False,62.78,655.5999999999999,367
139,0,0,0,5,True,52.27,549.5000000000001,331
110,0,1,40,2,False,57.54,565.3,338
110,0,0,0,3,False,41.04,477.3,323
215,0,0,0,0,False,37.58,441.8,358
73,0,0,0,1,False,55.83,509.99999999999994,295
138,0,0,0,0,False,57.209999999999994,516.7,298
137,1,0,0,2,True,47.73,504.59999999999997,280
36,0,0,0,1,False,73.25999999999999,720.0,333
85,0,0,0,3,False,63.95,603.3000000000001,256
108,0,0,0,0,True,75.02000000000001,830.6,237
22,0,0,0,0,False,44.57,488.6,301
107,0,1,37,0,False,33.67,435.1,291
51,0,0,0,0,False,64.74000000000001,658.1,223
94,0,0,0,4,False,61.66,639.3000000000001,282
119,0,1,23,2,False,63.28,672.1999999999999,367
33,0,1,29,4,True,53.09,568.4,269
106,0,0,0,4,False,62.480000000000004,586.1,350
82,0,0,0,3,False,65.21,621.4,289
86,0,1,41,0,False,53.01,595.4,296
97,1,0,0,0,False,58.599999999999994,605.9,283
106,0,1,32,4,False,58.199999999999996,569.6,313
108,0,0,0,1,False,51.28,552.3,334
114,0,0,0,1,False,48.260000000000005,542.5,307
92,1,0,0,1,True,38.78,475.29999999999995,319
59,0,0,0,1,False,56.349999999999994,568.6,286
24,0,1,25,1,False,58.03,612.1000000000001,279
151,0,0,0,1,False,49.269999999999996,516.9,262
117,0,0,0,1,False,53.76,551.3,310
78,0,0,0,1,False,61.64,643.0,320
155,0,0,0,2,False,69.97999999999999,611.8,259
114,0,1,30,1,False,73.35,769.1999999999999,259
114,0,1,28,4,False,67.52999999999999,659.6,320
119,0,0,0,3,False,53.53,586.2,271
64,0,1,48,0,False,35.480000000000004,382.5,298
118,1,0,0,2,False,53.1,530.1,321
101,0,0,0,0,False,69.42999999999999,696.0,325
117,0,0,0,1,False,49.32,523.3000000000001,311
49,0,1,28,3,False,67.88,663.8,298
139,0,0,0,3,False,65.35000000000001,643.4000000000001,304
92,0,1,28,1,False,55.71,595.0999999999999,286
83,0,0,0,3,False,65.5,585.5,311
148,1,0,0,0,False,67.04,641.3000000000001,276
144,0,1,48,2,True,54.160000000000004,533.9000000000001,271
131,0,1,25,2,False,66.33999999999999,683.6999999999999,255
146,1,0,0,3,False,66.23,656.7,345
143,0,0,0,2,False,56.059999999999995,547.5,328
81,0,0,0,2,False,63.17,613.0,278
48,0,1,37,1,False,59.35,527.9000000000001,280
86,0,1,28,1,False,75.42000000000002,759.3,281
71,0,0,0,3,False,63.540000000000006,667.5,278
145,0,1,24,2,False,55.559999999999995,590.9,303
137,0,0,0,2,False,57.10000000000001,537.6999999999999,313
137,0,0,0,2,False,69.76,719.6,262
167,0,0,0,0,False,61.83,609.3000000000001,254
89,0,0,0,1,True,89.31,882.1999999999999,301
199,0,1,34,0,False,73.48,757.3,316
132,0,0,0,0,False,36.14,363.4,317
94,0,0,0,1,False,54.79,523.6999999999999,336
96,0,1,37,5,True,52.07,519.1999999999999,300
96,0,1,18,1,False,55.03,575.4,272
166,0,0,0,1,False,62.33,610.4000000000001,381
74,0,0,0,2,False,44.76,485.9,240
36,0,0,0,0,False,56.49,594.1999999999999,275
113,0,0,0,4,False,66.33000000000001,647.9,346
94,0,0,0,1,False,62.58,675.6999999999999,305
67,0,0,0,2,False,50.57,489.4,276
127,0,0,0,1,True,78.74000000000001,744.5000000000001,395
121,0,0,0,0,True,75.14999999999999,829.1,266
158,0,0,0,1,False,65.03,700.7,313
136,0,0,0,1,False,49.61000000000001,570.0,294
196,0,0,0,2,False,71.24,665.7,298
113,0,0,0,1,True,81.0,762.9000000000001,344
122,0,0,0,4,True,77.76,656.5,298
112,0,0,0,0,False,60.559999999999995,579.5,292
209,0,0,0,3,False,71.24000000000001,677.9999999999999,298
62,0,0,0,1,True,76.5,747.6,307
110,0,1,38,1,False,67.7,625.4000000000001,302
16,0,0,0,0,False,62.199999999999996,606.1,229
73,0,0,0,0,False,51.71,589.1999999999999,339
128,0,0,0,0,False,55.29,603.9,319
39,0,0,0,1,False,45.23,502.9,327
103,0,1,28,2,False,52.849999999999994,559.6,285
119,0,1,29,3,False,50.55,529.8000000000001,259
173,0,1,21,3,False,71.16,722.3,321
128,1,1,32,2,True,63.559999999999995,576.6,258
86,0,0,0,0,False,66.60000000000001,729.1,257
114,0,1,32,1,False,50.33,548.3,276
104,0,0,0,0,False,58.690000000000005,640.5,297
148,0,0,0,1,False,50.0,595.8,321
129,0,0,0,3,False,63.01,620.4,329
100,0,1,30,0,False,37.43,437.70000000000005,332
121,0,1,35,1,False,41.42,486.69999999999993,210
143,0,1,33,1,False,70.27999999999999,640.5,320
76,0,0,0,0,False,64.02,616.3,315
158,0,0,0,0,False,62.81,539.9,294
116,0,0,0,3,False,67.25,643.1,329
54,0,0,0,1,True,78.92999999999999,728.1999999999999,270
86,0,0,0,7,True,48.080000000000005,475.99999999999994,371
108,0,0,0,0,False,63.07,649.3,268
66,0,0,0,1,False,59.730000000000004,594.8,266
151,0,1,17,1,False,58.199999999999996,530.9,235
99,0,0,0,0,False,62.36,621.5,253
55,0,0,0,2,False,63.53,680.5,374
77,0,0,0,2,False,74.02,720.6,305
78,0,0,0,0,False,67.04,614.4,298
89,0,0,0,1,True,65.5,661.3000000000001,261
101,0,0,0,1,False,68.31,725.5999999999999,372
44,0,1,34,0,False,65.48,625.2,259
98,0,1,21,2,False,36.97,485.5,268
64,0,1,37,1,False,44.43000000000001,417.2,297
141,0,0,0,3,False,67.47999999999999,581.6,378
81,0,1,33,1,False,52.98,558.1000000000001,313
162,0,0,0,1,False,61.92999999999999,573.0,338
83,0,1,41,3,False,49.58,458.9000000000001,339
100,0,0,0,4,True,41.57,468.59999999999997,207
59,0,0,0,4,False,61.83,628.4,307
179,1,1,38,4,False,70.75000000000001,701.8000000000001,238
79,0,0,0,1,False,46.699999999999996,431.09999999999997,334
117,0,0,0,2,False,61.44,605.3000000000001,274
64,1,0,0,2,True,71.02,662.1,261
31,0,0,0,1,False,48.029999999999994,471.79999999999995,298
124,1,0,0,1,False,69.94999999999999,650.6999999999999,287
122,0,1,23,2,False,49.93999999999999,492.4,315
37,1,1,39,1,False,51.01,484.29999999999995,291
90,0,1,29,1,False,57.62,598.9999999999999,313
159,1,0,0,1,True,80.86999999999999,761.0999999999999,268
148,0,0,0,0,False,50.86,568.4,269
39,0,1,36,1,False,57.07000000000001,608.1,370
77,0,0,0,2,False,64.85000000000001,654.0999999999999,364
194,0,0,0,0,False,57.33,579.0,289
154,0,0,0,1,True,92.2,831.3,278
112,0,0,0,4,False,63.56,595.1,337
45,0,0,0,1,False,51.17,604.6,338
132,0,0,0,1,False,42.57,469.90000000000003,366
128,0,0,0,0,False,67.75,644.3,297
135,0,0,0,1,False,65.42,641.5,283
56,0,0,0,2,False,65.43,655.7,309
151,1,0,0,0,True,62.24,613.9999999999999,241
32,0,0,0,2,False,59.09,576.8,304
90,0,0,0,2,False,63.31,676.0,240
87,0,1,21,0,False,60.59,539.1,314
138,0,0,0,2,False,50.52,487.8,321
79,0,0,0,1,False,65.18,653.0,355
95,1,0,0,1,True,64.53,662.1,287
127,0,0,0,2,False,63.56000000000001,621.5999999999999,313
137,0,0,0,3,False,71.21,666.4000000000001,263
97,0,0,0,1,False,53.75,561.7,319
149,1,0,0,0,False,55.050000000000004,576.4000000000001,264
117,1,1,22,1,False,71.9,748.0000000000001,289
84,0,0,0,2,False,58.52,601.7,301
137,0,0,0,4,False,69.96,666.0,310
99,0,0,0,3,False,65.09,750.9,262
54,0,0,0,1,False,61.22,551.3,243
85,0,0,0,1,False,49.870000000000005,531.1,342
150,0,0,0,3,False,57.269999999999996,659.8000000000001,278
43,0,0,0,1,False,62.00999999999999,638.0000000000001,318
35,0,0,0,0,False,51.839999999999996,585.6,338
98,0,0,0,5,False,63.92000000000001,627.9,364
112,0,0,0,2,False,65.25,617.4,270
16,0,0,0,0,True,66.91000000000001,612.3,279
98,0,1,22,0,False,62.71,489.00000000000006,279
84,0,0,0,0,False,51.77,549.5,336
94,0,0,0,1,True,74.67,749.9000000000001,335
84,0,0,0,1,False,52.66,507.2,363
66,0,0,0,1,True,59.480000000000004,599.6,282
98,0,1,31,1,False,52.62,578.5999999999999,314
74,0,0,0,0,False,60.67,582.6,333
96,0,1,26,1,False,51.23,513.0,295
119,0,0,0,1,False,62.00000000000001,557.8000000000001,347
73,0,0,0,4,False,62.84,634.3,298
92,1,0,0,0,False,70.06,633.1,284
21,0,0,0,0,False,47.11000000000001,509.90000000000003,272
122,0,0,0,4,True,53.599999999999994,547.7,320
133,1,0,0,1,False,51.86,523.9,280
145,0,0,0,2,False,57.50999999999999,556.6999999999999,339
25,0,0,0,2,False,53.81,531.4,266
64,0,0,0,2,False,43.660000000000004,482.79999999999995,268
85,0,0,0,0,False,73.83,676.3000000000001,275
126,0,0,0,3,False,70.93,651.3,329
76,0,0,0,0,False,51.93,522.9,259
113,0,0,0,2,True,77.88,769.6999999999999,248
224,1,0,0,1,True,53.67,548.9,306
117,0,0,0,0,False,67.72,634.0,285
128,0,1,34,1,False,55.839999999999996,592.4000000000001,239
115,0,0,0,2,False,70.69,731.1,283
141,0,1,28,2,False,67.88000000000001,652.3999999999999,387
51,0,0,0,1,False,66.75999999999999,528.5999999999999,321
100,0,0,0,0,False,70.96999999999998,696.7,284
96,0,1,45,3,False,68.87,663.0,305
112,0,1,16,1,False,60.79,563.0999999999999,344
129,1,0,0,1,False,60.730000000000004,594.4999999999999,366
163,0,0,0,1,False,41.940000000000005,428.5,341
67,0,1,40,1,False,48.59,548.2,295
140,0,0,0,3,False,58.61000000000001,590.5,330
49,0,0,0,2,False,56.53,619.5,321
46,0,0,0,2,True,77.07,719.2,296
148,0,0,0,1,False,65.56,653.3000000000001,310
112,0,0,0,1,False,71.97999999999999,697.5,270
78,0,0,0,2,False,51.44,497.7,337
61,0,1,31,0,False,77.86,704.3000000000001,255
58,0,1,29,1,False,61.39,534.7,282
155,0,0,0,1,False,69.78,714.2,356
100,0,0,0,0,True,74.39999999999999,682.5,280
113,0,0,0,1,False,66.62,688.5,325
81,0,0,0,2,False,53.53000000000001,555.9,289
135,0,1,27,1,False,73.94999999999999,685.5,358
99,0,0,0,0,False,58.89,579.1,259
59,0,1,29,1,False,49.190000000000005,492.7,302
135,0,0,0,1,False,68.27000000000001,601.7,364
85,1,0,0,2,False,63.08,720.1999999999999,350
70,0,0,0,0,False,44.349999999999994,536.1,301
88,0,0,0,3,False,54.22,563.0,368
55,0,0,0,2,False,70.7,620.9,348
75,0,0,0,1,False,45.18,438.49999999999994,260
79,0,1,21,4,False,71.67,646.8,292
85,0,0,0,0,False,57.27,613.8,312
86,0,1,23,0,False,72.99000000000001,727.3,295
91,0,0,0,0,False,60.12,662.5999999999999,317
149,0,1,20,1,False,69.54,677.8999999999999,250
97,0,0,0,1,True,79.89,764.1,327
88,0,0,0,1,True,77.1,685.5,353
60,0,0,0,2,False,44.6,511.59999999999997,228
54,0,0,0,2,False,57.44,549.2,240
11,0,1,28,3,False,60.839999999999996,597.0,291
109,0,0,0,0,False,51.400000000000006,469.09999999999997,328
90,0,0,0,1,False,72.0,628.6,328
115,0,0,0,3,False,60.629999999999995,685.6,325
144,0,1,18,1,False,39.39,433.0,338
91,0,0,0,0,False,53.54,615.4,253
105,0,1,23,0,False,66.17999999999999,694.5999999999999,291
71,1,0,0,3,True,56.41,541.7,321
132,0,1,36,3,True,68.38000000000001,677.0999999999999,335
112,0,0,0,1,False,60.739999999999995,640.5000000000001,278
86,0,1,32,3,False,40.239999999999995,493.6,394
41,0,1,34,2,False,66.57,626.7,297
44,0,0,0,1,False,68.53,656.1999999999999,337
78,0,0,0,3,False,44.38,509.2,292
149,0,0,0,1,False,33.22,393.40000000000003,273
72,0,1,33,4,True,52.25000000000001,581.5,278
139,0,1,20,0,False,67.78999999999999,627.3,377
74,0,0,0,3,False,53.38,594.1,242
50,0,0,0,1,False,70.89,656.3000000000001,327
141,0,1,23,3,False,51.22,540.1,347
140,0,0,0,1,False,54.88999999999999,617.0000000000001,358
99,0,0,0,2,False,61.05,631.2,305
166,0,0,0,1,False,60.589999999999996,559.1,262
124,0,0,0,1,False,54.540000000000006,599.1999999999999,323
74,0,0,0,0,False,54.99999999999999,594.9,280
117,0,0,0,2,False,60.41,632.0,310
85,0,0,0,3,False,70.5,688.3,310
36,0,1,16,0,False,44.379999999999995,420.6,313
102,1,0,0,0,False,68.66,615.0999999999999,343
76,0,0,0,0,False,73.41,751.6,346
165,0,0,0,1,False,69.39999999999999,681.1,317
130,0,0,0,1,False,56.86,579.5,298
78,0,0,0,0,False,73.02999999999999,754.3,378
55,1,0,0,1,True,67.42,666.0,308
92,1,0,0,2,True,57.9,644.9,335
129,0,1,33,2,False,57.46,667.5999999999999,369
18,0,0,0,1,False,69.74,647.0000000000001,333
161,1,0,0,2,False,52.949999999999996,527.1,301
93,0,1,36,2,False,53.43000000000001,492.09999999999997,322
144,0,0,0,2,False,65.94,657.3,289
75,1,0,0,4,True,55.440000000000005,502.49999999999994,247
95,0,0,0,1,False,55.989999999999995,502.90000000000003,297
126,0,1,23,3,False,49.83,557.6,323
124,0,1,28,1,False,75.24000000000001,735.9,319
93,1,0,0,1,True,69.21000000000001,663.5,296
109,1,1,26,0,False,64.43,652.6999999999999,328
80,0,0,0,0,False,63.45,637.2,289
41,0,0,0,1,False,52.57,558.2,222
136,0,1,31,2,False,57.769999999999996,618.9,278
92,0,0,0,3,True,68.68,777.4,329
143,0,1,24,1,False,64.29,655.1,328
118,0,1,26,5,True,56.230000000000004,549.6,342
193,0,1,17,1,False,50.88,544.3,315
73,0,0,0,3,False,68.03,638.5999999999999,290
62,0,0,0,2,False,60.089999999999996,627.5000000000001,296
30,0,1,30,0,False,67.13000000000001,665.0000000000001,267
60,1,1,29,0,True,72.18,603.8,301
148,0,1,14,1,False,43.629999999999995,449.79999999999995,298
96,0,0,0,2,False,53.059999999999995,595.5,309
52,0,0,0,2,False,58.07,506.0999999999999,324
87,0,0,0,1,False,58.8,575.3,294
41,0,0,0,3,False,55.1,479.20000000000005,296
112,0,0,0,1,False,66.59,558.4,302
88,0,0,0,4,True,39.17,482.49999999999994,247
122,0,1,27,7,False,73.66000000000001,682.6,321
61,0,0,0,2,False,30.039999999999996,359.00000000000006,282
87,0,0,0,1,False,60.46999999999999,483.7,355
176,0,0,0,2,False,32.5,388.8,330
30,0,0,0,0,False,66.17999999999999,614.0999999999999,325
95,0,1,22,0,False,33.39,450.4,314
46,0,0,0,2,False,45.879999999999995,490.00000000000006,352
100,1,0,0,0,False,52.800000000000004,622.9,333
47,0,1,37,2,False,57.61,606.4,270
77,0,0,0,2,False,58.64,622.2,270
98,0,1,38,2,False,70.08,685.1,243
125,0,1,36,1,False,44.93,374.59999999999997,302
67,0,0,0,4,False,71.99000000000001,632.6,329
194,0,0,0,1,False,46.86,566.2,327
128,0,1,40,1,False,54.120000000000005,527.7,296
190,0,1,22,0,False,51.60999999999999,479.0,290
165,0,0,0,0,False,66.5,644.4999999999999,361
59,0,0,0,2,False,49.199999999999996,551.8,333
47,0,1,28,1,False,45.519999999999996,430.6,288
150,0,1,29,0,False,57.28,516.4,243
152,1,1,20,9,True,77.67999999999999,770.3,297
26,0,0,0,3,False,67.84,646.1,338
79,0,1,31,3,False,44.919999999999995,434.7,325
95,0,1,27,1,False,58.45,658.3,314
69,1,0,0,2,True,78.67,707.9,309
95,1,1,41,5,True,49.129999999999995,481.6,228
31,0,1,31,0,False,51.03,607.3,285
121,0,1,31,4,False,69.37,649.5,270
111,0,0,0,4,True,54.22,522.6,273
157,0,0,0,2,False,63.59,553.3,330
44,0,0,0,3,True,82.32,748.7,298
61,1,0,0,2,False,37.529999999999994,392.20000000000005,358
65,0,0,0,2,False,57.46,569.9000000000001,287
74,0,1,25,2,False,54.709999999999994,503.1,264
123,0,0,0,0,False,66.39,702.2,293
58,0,1,20,1,False,64.45,654.3,293
74,0,0,0,2,True,64.77,691.0999999999999,318
125,0,0,0,2,False,49.98,584.4000000000001,322
80,0,0,0,1,False,61.370000000000005,653.4000000000001,301
53,0,1,18,0,False,61.29,642.7,328
99,0,1,28,1,False,66.80999999999999,646.6999999999999,311
99,0,0,0,1,False,46.44,485.59999999999997,300
66,0,1,29,2,False,73.46,726.3,308
97,0,0,0,3,False,58.75,527.7,282
75,0,1,37,2,False,57.97,652.8999999999999,309
85,1,0,0,2,False,60.309999999999995,554.9,295
108,0,0,0,2,False,72.64,607.5,282
133,1,1,32,2,True,71.86999999999999,670.3,348
51,0,0,0,1,False,58.8,575.8999999999999,316
186,0,1,26,2,False,44.95,562.4000000000001,316
44,1,0,0,1,False,43.13,486.8,285
64,0,1,31,3,False,69.93,653.2,322
44,0,0,0,2,True,77.54,794.3000000000001,282
114,0,1,36,1,False,81.80000000000001,707.9000000000001,286
92,0,0,0,3,False,67.09,659.9000000000001,279
110,0,0,0,2,False,50.22999999999999,481.5,328
90,0,1,30,1,False,59.33,565.3000000000001,298
72,0,1,21,1,False,73.1,725.4000000000001,317
113,0,0,0,1,True,78.19,810.1,382
171,0,1,25,3,False,63.05,567.4000000000001,288
104,0,0,0,1,False,51.61000000000001,499.2,324
165,0,0,0,1,False,58.8,665.5,263
104,0,0,0,0,True,75.65,720.9999999999999,305
110,0,0,0,1,False,35.18,430.9,339
90,1,0,0,1,False,67.01,649.8000000000001,389
114,0,0,0,1,False,43.91,415.2,303
101,0,0,0,5,True,48.66,533.4,301
117,0,1,14,1,False,40.089999999999996,430.4,288
109,0,0,0,2,False,72.89,688.6999999999999,306
82,0,0,0,1,False,50.739999999999995,529.3,338
92,0,0,0,2,False,49.81999999999999,486.50000000000006,318
82,0,1,29,2,False,67.00999999999999,640.0999999999999,345
90,0,0,0,2,False,64.25,649.8,331
87,0,1,28,1,False,49.94,553.9,301
124,0,0,0,3,False,49.18000000000001,491.20000000000005,251
39,0,0,0,2,False,49.04,507.40000000000003,282
84,0,0,0,1,False,52.16,506.8,314
75,0,1,46,0,False,67.07000000000001,671.0,305
102,0,0,0,2,False,48.480000000000004,528.2,310
62,1,0,0,0,True,53.16,492.69999999999993,273
143,0,0,0,1,False,56.29,517.1,288
53,0,0,0,3,False,46.470000000000006,578.9,360
30,0,0,0,1,False,58.739999999999995,576.1999999999999,362
112,0,0,0,2,True,90.46000000000001,825.7,326
129,0,0,0,0,False,57.67,571.3000000000001,329
63,0,1,29,1,False,46.86,507.70000000000005,262
28,0,0,0,0,False,65.32000000000001,655.8000000000001,309
111,0,0,0,3,False,56.77,579.6,257
91,0,0,0,3,False,67.44999999999999,663.1999999999999,362
90,0,0,0,1,False,62.93,659.6,225
151,0,0,0,4,False,57.32,593.2,373
105,1,1,29,1,True,68.15,642.1,298
41,0,1,37,2,False,70.11,658.1,326
48,0,1,43,1,False,58.91,613.3,276
166,1,1,35,2,False,60.949999999999996,710.3999999999999,388
79,0,0,0,3,False,59.41,629.9,386
153,0,0,0,1,False,55.92,504.40000000000003,306
110,1,0,0,0,True,81.81,763.2,264
163,0,0,0,1,False,64.53999999999999,666.4,301
126,0,0,0,1,False,43.21,434.70000000000005,308
105,0,1,33,2,False,56.42,488.1,342
172,0,0,0,3,False,62.94,633.7,308
126,0,0,0,0,False,58.78,636.3000000000001,315
97,0,0,0,3,False,54.019999999999996,529.3,304
95,1,1,37,0,True,63.519999999999996,614.7,292
87,0,0,0,4,False,70.42999999999999,673.6999999999999,289
97,0,0,0,1,False,46.26,489.0,309
76,0,0,0,0,True,83.37,750.6000000000001,355
140,0,0,0,0,False,61.53,604.7,303
169,0,0,0,0,False,47.97,533.9,278
68,0,1,22,3,False,48.07,557.1999999999999,309
122,0,1,34,2,False,46.62,471.70000000000005,302
36,0,0,0,2,False,66.03,719.5999999999999,324
120,0,1,27,5,False,56.88,614.2,258
121,0,0,0,1,False,52.48,526.2,369
64,0,1,19,0,False,54.17,552.5,319
13,0,1,31,1,False,72.80000000000001,685.1,307
106,0,0,0,0,False,45.81,484.6,312
88,0,0,0,2,False,53.620000000000005,549.1,299
74,0,0,0,1,False,57.0,582.0999999999999,331
83,0,0,0,0,False,62.14,597.1,280
49,0,0,0,0,False,73.88,734.3000000000001,307
111,0,1,24,1,False,67.08,654.7,312
50,0,1,22,3,False,67.53999999999999,597.7,361
153,0,1,28,0,False,71.24,649.1999999999999,223
88,0,0,0,1,False,52.52,482.70000000000005,348
131,0,1,39,0,False,27.54,284.3,356
79,0,0,0,3,True,75.56,735.0,231
140,0,0,0,2,False,69.64999999999999,607.3,326
105,0,0,0,1,False,64.36,607.5,251
54,0,1,39,3,False,57.47,543.1,336
87,0,1,22,3,False,65.3,583.8000000000001,292
96,0,1,31,1,False,58.739999999999995,569.5,330
79,0,0,0,5,True,56.25,592.6,273
55,0,0,0,0,False,59.14,636.1999999999999,324
130,0,0,0,2,False,58.88999999999999,497.00000000000006,306
34,0,0,0,0,False,47.910000000000004,478.9,296
139,0,0,0,1,False,45.77,445.8,268
109,0,0,0,1,True,82.38,776.6,284
65,0,1,31,1,False,74.3,671.8,256
63,0,0,0,0,False,71.07999999999998,720.3999999999999,233
152,0,0,0,3,False,50.08,412.69999999999993,306
147,0,0,0,1,False,62.01,620.4,311
112,0,1,22,2,False,64.6,681.8,378
120,0,0,0,2,False,65.03,563.6,323
27,0,0,0,0,False,51.66,457.8,333
171,0,0,0,1,False,67.96999999999998,639.0999999999999,334
101,0,1,33,0,False,63.5,609.6,324
32,0,1,26,1,False,79.07000000000001,728.0999999999999,318
3,0,1,36,2,False,46.8,455.4,337
151,0,0,0,0,False,52.47,491.6,286
60,0,0,0,3,False,54.95,596.4000000000001,243
119,0,0,0,1,False,60.4,613.6,263
43,0,0,0,1,False,65.63,642.0,329
42,0,0,0,0,False,60.61,520.5,343
84,0,0,0,1,False,64.83,580.8,291
65,0,0,0,0,False,59.05,564.0,328
75,1,0,0,1,True,77.32,766.1,302
116,0,0,0,1,False,61.14999999999999,598.2,293
107,0,0,0,0,False,48.419999999999995,546.9,269
189,0,1,38,3,False,65.05,541.6,308
123,0,0,0,1,False,58.46,609.6,334
110,0,0,0,3,False,49.05,548.9,248
63,0,1,32,1,False,33.86,457.30000000000007,334
176,0,0,0,3,False,65.84,602.1,289
108,0,0,0,1,False,61.96999999999999,616.0,342
13,0,1,21,3,False,86.38,796.7,302
71,0,0,0,1,False,66.29999999999998,544.4000000000001,328
88,0,0,0,2,False,63.61,636.5,326
137,0,0,0,1,False,51.92999999999999,522.9000000000001,319
82,0,0,0,4,False,65.27000000000001,660.1,281
92,0,1,29,3,False,56.06999999999999,606.8,336
165,0,0,0,6,False,60.48,622.5,302
96,0,0,0,1,False,38.6,434.9,330
156,0,0,0,1,False,55.2,533.9000000000001,271
63,0,0,0,0,False,60.4,638.6,255
37,0,0,0,0,False,66.92,707.5,274
98,0,0,0,0,False,64.49,606.1,288
121,0,0,0,0,False,38.94,410.2,308
94,0,0,0,0,False,45.06999999999999,434.4,319
99,0,0,0,1,False,61.2,612.8000000000001,329
163,0,1,23,1,False,56.46,589.6999999999999,293
161,0,0,0,3,False,64.59,615.3,294
99,0,0,0,1,False,40.23,471.29999999999995,271
108,0,0,0,1,False,62.97,608.9,267
84,0,1,42,3,False,60.89,657.2,294
83,1,1,32,2,False,41.099999999999994,460.1,324
139,0,0,0,2,False,59.019999999999996,563.2,259
69,0,0,0,3,False,66.7,684.4,301
129,0,0,0,4,False,62.38999999999999,665.5,306
106,0,0,0,2,False,36.58,425.4,283
158,0,0,0,2,False,66.48,643.3,337
168,0,1,22,2,False,57.71,569.4,261
115,1,0,0,1,True,74.05,659.3999999999999,326
57,1,1,30,2,False,71.63999999999999,709.9,344
67,0,0,0,1,False,64.48,616.8,291
127,0,0,0,1,False,56.22,545.5,353
78,0,0,0,2,False,63.58,653.0,291
100,0,1,38,0,False,56.94,590.9,270
103,0,1,36,6,True,39.65,434.09999999999997,287
113,0,0,0,1,False,61.480000000000004,527.9,341
78,0,0,0,3,False,56.64,595.7,305
129,0,1,36,1,False,62.0,602.6999999999999,309
57,0,0,0,2,False,56.04,593.1,314
82,0,0,0,1,False,54.0,609.8999999999999,315
64,0,0,0,1,False,66.81,645.4000000000001,324
86,0,1,39,2,False,73.01,643.0,329
151,0,1,26,0,False,61.949999999999996,607.5,338
94,0,0,0,3,True,76.4,706.9,264
90,0,0,0,2,False,72.41999999999999,734.0,329
48,0,0,0,2,False,73.21,638.2,296
85,0,1,37,2,False,62.39,583.3,297
93,1,1,20,1,False,57.470000000000006,544.7,335
169,1,0,0,3,False,40.8,538.0,285
68,0,0,0,5,True,52.24999999999999,517.8,268
91,1,0,0,2,True,54.169999999999995,561.2,345
68,0,0,0,1,False,60.13,622.0,295
101,0,0,0,1,False,61.70000000000001,611.8999999999999,294
67,0,1,20,1,False,65.11,591.3,215
66,0,0,0,0,False,38.4,453.70000000000005,317
116,0,1,17,5,False,67.57,693.5,344
158,0,0,0,1,False,59.84,571.3,302
78,0,0,0,1,False,64.72999999999999,645.7,301
119,0,1,26,1,False,56.89,560.6,307
120,0,0,0,1,False,47.93,508.9,338
155,0,0,0,1,False,60.339999999999996,614.9,342
106,0,0,0,1,False,68.31,621.2,333
87,1,0,0,1,False,54.27,509.9,332
146,0,1,32,3,False,50.830000000000005,495.9,282
101,0,1,29,0,False,50.04,559.3000000000001,297
22,0,1,23,3,False,54.18,488.2,259
90,0,0,0,2,False,40.489999999999995,417.9,322
41,0,0,0,1,False,60.05,595.1,318
69,0,0,0,2,False,56.69,522.2,275
33,0,0,0,2,False,66.08,612.2,292
112,0,0,0,1,False,52.220000000000006,556.8000000000001,302
108,0,1,30,2,False,76.39000000000001,684.4,313
136,0,1,21,2,False,62.89,690.7,309
128,0,0,0,1,False,66.88000000000001,674.6,252
27,0,0,0,2,False,62.34000000000001,582.6,322
161,1,0,0,1,False,63.60999999999999,642.8,338
33,0,1,35,0,False,72.3,780.6,301
120,0,1,31,0,False,58.48,621.4,259
113,0,0,0,2,False,59.09,563.4,322
122,1,0,0,0,True,71.1,667.5,290
148,0,1,26,2,False,66.38,614.1,383
74,0,0,0,3,False,67.93,621.4000000000001,274
106,0,0,0,1,False,62.56999999999999,593.1999999999999,305
179,0,0,0,1,False,58.510000000000005,589.6999999999999,273
149,1,1,28,5,True,44.67,447.8,279
77,0,0,0,0,False,61.93,619.8000000000001,305
127,1,0,0,1,True,54.620000000000005,534.7,350
80,0,0,0,1,False,57.43,598.9,300
106,0,0,0,1,False,57.550000000000004,579.5,261
61,0,1,20,0,False,71.14,678.0,324
135,1,1,24,2,False,52.1,582.8,247
115,0,1,26,6,False,61.28,627.0,260
167,1,0,0,2,False,68.23,641.0,295
107,1,0,0,2,False,72.00999999999999,622.1,248
112,1,0,0,1,False,53.519999999999996,507.5,390
35,0,1,27,1,False,68.7,681.9999999999999,260
103,1,0,0,3,False,40.309999999999995,522.8,272
107,0,1,22,1,False,73.78999999999999,675.4000000000001,350
69,0,0,0,3,False,70.51,645.2,215
85,0,0,0,0,False,64.27,616.0,264
24,0,0,0,2,True,74.11,668.0000000000001,299
90,0,0,0,2,False,55.75,478.2,294
137,0,0,0,3,False,48.230000000000004,513.7,257
92,1,1,45,0,False,70.89,580.9,270
38,0,0,0,2,False,59.099999999999994,605.2,242
69,1,1,33,1,True,77.34999999999998,698.5,287
45,0,0,0,2,False,51.02,580.8,337
73,0,0,0,1,False,63.83,609.6,318
92,0,0,0,1,False,66.45,636.0,298
113,0,1,32,1,False,51.45,485.1,339
68,1,0,0,1,True,56.75,580.9,379
135,0,1,22,2,False,65.56,605.8000000000001,348
100,0,1,26,1,False,51.74,520.9,370
96,0,1,27,1,False,74.32000000000001,672.9,296
108,0,0,0,1,False,69.69,638.1,336
84,0,0,0,0,False,72.46000000000001,763.6,290
134,0,0,0,1,False,73.47,765.5,264
72,0,0,0,0,False,73.79,692.9,244
83,0,0,0,0,False,57.94,512.3,284
137,0,0,0,0,False,51.83,477.40000000000003,344
56,0,1,30,1,False,48.27,505.9,319
61,1,1,16,0,False,54.71999999999999,545.0999999999999,232
171,0,1,17,1,False,62.78,633.5999999999999,299
123,0,0,0,1,False,63.4,594.4,344
58,0,0,0,0,False,59.7,530.0,348
156,0,0,0,1,False,41.85,429.20000000000005,262
166,0,0,0,0,False,65.77,656.3999999999999,304
75,0,1,41,1,False,50.62,518.4,297
75,0,0,0,2,True,82.28,775.2,291
83,0,0,0,1,False,69.17999999999999,659.1999999999999,298
243,0,0,0,2,False,43.82,530.0,279
153,0,0,0,1,False,62.53,614.5,327
150,0,0,0,1,False,56.2,596.8000000000001,334
92,0,1,16,2,False,49.53,458.2,332
80,0,0,0,0,False,33.79,352.4,290
134,0,0,0,1,False,57.14,580.1,283
77,0,1,24,1,False,46.49999999999999,457.70000000000005,236
147,0,0,0,2,False,56.629999999999995,502.59999999999997,308
74,0,0,0,1,False,58.580000000000005,577.6,315
138,1,0,0,1,False,58.129999999999995,580.8000000000001,315
143,0,0,0,0,False,58.03,642.0,357
64,0,0,0,2,False,61.330000000000005,641.8,350
120,0,0,0,2,False,61.42,558.5999999999999,213
121,1,0,0,3,True,50.949999999999996,516.1,331
88,0,0,0,2,False,66.75999999999999,670.1999999999999,280
87,0,0,0,2,True,83.14,722.6999999999999,331
100,0,0,0,0,False,64.06,580.4,321
104,0,0,0,3,False,35.54,427.7,287
27,0,0,0,1,False,35.72,357.0,266
81,0,1,31,0,False,65.15,614.3,321
64,1,1,33,0,False,48.79,545.6,319
107,0,1,28,1,False,73.59,744.1999999999999,348
88,0,1,17,1,False,69.02,646.0000000000001,269
111,0,0,0,3,False,52.44,604.1,348
77,0,0,0,5,False,63.43,560.3,312
67,1,0,0,2,False,47.89,462.4,287
102,0,0,0,1,False,61.010000000000005,537.5,308
146,0,1,19,1,False,57.489999999999995,569.4,258
144,0,1,51,1,False,76.11,682.2,296
96,0,0,0,1,True,63.010000000000005,677.4,335
70,0,1,31,1,False,52.24,585.3,282
149,0,0,0,0,False,68.53,646.5,306
129,0,0,0,2,False,63.71999999999999,583.7,300
166,0,0,0,0,False,65.14,584.1999999999999,343
136,1,0,0,3,True,58.129999999999995,494.4,273
149,0,0,0,3,False,73.06,727.7,267
70,0,0,0,3,False,56.71,638.4,305
120,0,1,24,2,False,70.92,707.7,308
66,0,0,0,2,False,68.99,630.0,383
104,0,0,0,1,False,54.58,532.1,345
160,0,0,0,1,False,60.97,645.3,304
129,0,1,37,1,False,60.39,567.1,286
93,0,0,0,3,True,79.36999999999999,764.8999999999999,281
169,0,0,0,2,False,58.31,592.9,339
58,0,0,0,1,False,55.55,570.3,361
75,0,1,38,3,False,59.38,669.1999999999999,363
45,0,0,0,1,False,61.419999999999995,590.4999999999999,303
155,0,0,0,3,False,49.74,438.2,323
52,0,0,0,4,False,59.86000000000001,545.6,324
119,0,1,27,0,False,69.81,645.9,344
86,0,0,0,1,False,48.830000000000005,514.4000000000001,263
42,0,0,0,0,False,61.44,585.0,324
127,1,0,0,2,False,61.81,647.6999999999999,341
123,0,0,0,0,False,54.870000000000005,629.5,338
98,0,0,0,4,True,78.13,757.6,345
149,0,1,43,1,False,63.79,633.6999999999999,284
160,0,0,0,1,False,64.77000000000001,719.7,304
103,0,0,0,5,False,58.5,558.6999999999999,318
132,0,1,15,1,False,56.309999999999995,557.9,328
137,0,0,0,1,False,57.57000000000001,601.6,311
129,1,0,0,1,False,69.44,589.1999999999999,313
62,0,0,0,1,False,64.93,519.5,248
122,0,1,33,4,False,75.61,672.9,318
32,0,0,0,1,False,56.78,570.3,255
86,0,0,0,3,False,53.160000000000004,623.0,329
130,0,0,0,1,False,59.47,575.2,367
42,0,0,0,1,False,50.81,455.20000000000005,326
73,0,0,0,2,False,66.49,567.1,274
66,0,1,26,2,False,74.05,694.3000000000001,341
103,0,1,31,0,False,45.599999999999994,501.7,329
128,0,0,0,1,False,63.71,701.2,250
104,0,0,0,2,False,63.29,657.8,306
103,0,0,0,0,False,48.77,432.59999999999997,331
124,0,0,0,0,False,61.5,603.4,299
87,0,0,0,1,False,43.33,483.09999999999997,342
109,0,1,27,1,True,59.370000000000005,597.7,278
167,1,0,0,2,False,57.63,493.0,309
97,0,0,0,4,True,46.910000000000004,496.6,263
106,0,0,0,2,False,56.67,571.0,315
125,0,0,0,2,False,47.93,502.79999999999995,363
108,0,1,35,0,False,66.73,627.4,327
125,0,0,0,1,False,55.68000000000001,621.8,337
89,0,1,32,1,False,69.35,692.6000000000001,316
72,1,1,29,0,False,46.96,504.5,299
23,0,0,0,2,True,85.46,725.6,383
149,0,0,0,7,False,58.5,601.9000000000001,305
73,0,0,0,0,False,61.84,574.8,288
61,0,0,0,1,True,75.08000000000001,714.2,323
161,0,0,0,4,True,51.489999999999995,481.0,311
73,0,0,0,0,False,62.040000000000006,551.5,291
118,0,1,24,1,False,45.010000000000005,490.09999999999997,230
23,0,0,0,6,False,60.41,591.4000000000001,274
127,0,1,25,0,False,41.150000000000006,515.5,314
42,0,1,32,0,False,53.72,540.1,314
118,0,0,0,5,True,85.7,807.2,368
45,0,0,0,2,False,47.60000000000001,453.80000000000007,273
50,0,1,24,1,False,77.98,827.2,318
179,0,0,0,0,True,88.13000000000001,851.8,353
152,0,0,0,2,False,40.2,448.8,336
105,0,0,0,2,False,55.24,625.8000000000001,317
72,0,0,0,0,False,43.93000000000001,528.9,283
52,0,0,0,1,False,71.98000000000002,780.9000000000001,307
125,0,0,0,1,False,57.059999999999995,533.6,324
143,0,0,0,1,False,43.06999999999999,455.0,268
65,0,0,0,1,False,47.83,537.1999999999999,238
80,0,0,0,1,False,71.78000000000002,755.8,283
1,0,0,0,1,False,47.74999999999999,489.8,255
60,0,0,0,1,False,51.83,553.1999999999999,326
43,0,0,0,1,False,32.92,371.90000000000003,318
143,0,0,0,0,False,56.42999999999999,508.79999999999995,303
81,0,1,24,0,False,48.129999999999995,476.8,306
205,0,1,24,2,False,53.31,519.3,306
24,0,0,0,1,False,64.88999999999999,608.2,326
74,0,0,0,0,False,57.26,640.3999999999999,329
77,0,0,0,1,False,42.02,511.9,293
74,0,0,0,1,False,69.89,671.7,312
74,1,0,0,1,True,52.18,555.0,346
200,0,0,0,1,False,44.120000000000005,450.2,317
86,0,0,0,4,False,72.44000000000001,717.9,290
91,0,1,37,0,False,62.43,682.8000000000001,320
76,0,0,0,2,False,60.8,562.8000000000001,294
130,0,0,0,1,False,52.62,594.5999999999999,288
56,0,0,0,2,False,47.47,582.9999999999999,302
117,0,0,0,0,False,62.629999999999995,630.5,354
63,0,0,0,2,False,62.64,677.5,286
126,0,0,0,0,False,61.51,581.8,314
132,0,0,0,1,False,65.85,683.4,324
81,0,1,28,4,True,55.919999999999995,560.8000000000001,361
122,0,0,0,2,False,56.56,570.2,291
46,0,0,0,2,True,78.77000000000001,736.3,270
150,0,1,28,1,False,56.129999999999995,556.9,289
99,0,0,0,1,False,54.14,579.1999999999999,321
87,0,0,0,1,False,70.01,644.0999999999999,295
108,0,0,0,1,False,47.9,523.4,324
101,0,0,0,4,False,58.0,595.7,257
53,0,0,0,3,False,58.129999999999995,525.8000000000001,325
132,0,1,39,2,False,58.25,597.0,308
158,0,0,0,2,False,57.830000000000005,609.7,359
114,0,1,34,0,False,57.230000000000004,594.5999999999999,359
77,0,1,23,2,False,62.43,605.9,250
144,1,0,0,0,False,60.919999999999995,635.9,278
91,0,1,23,3,False,67.21,621.1999999999999,316
58,0,0,0,2,False,50.13,487.70000000000005,310
5,0,0,0,3,False,63.0,613.8,206
97,0,0,0,0,False,72.14,693.0,245
107,0,0,0,3,False,60.79,589.7,296
142,0,1,30,1,False,55.339999999999996,600.5999999999999,260
9,0,1,31,1,False,62.36,600.8999999999999,332
73,0,0,0,0,False,59.709999999999994,558.1,324
48,0,1,22,2,True,63.92000000000001,689.7,308
43,0,0,0,0,False,63.26,554.5,371
122,0,1,33,1,True,61.88999999999999,601.2,327
93,0,0,0,0,False,62.85,591.1999999999999,228
85,0,0,0,1,False,62.1,632.4,296
59,0,0,0,3,False,62.35,690.5,262
87,0,0,0,1,False,62.86,557.5999999999999,282
137,0,0,0,0,False,49.0,466.00000000000006,285
21,0,1,31,6,False,56.77,595.5,270
129,0,0,0,0,True,84.56,727.8,311
104,0,0,0,0,False,48.76,539.4,263
93,0,1,21,4,True,48.209999999999994,495.09999999999997,325
63,0,0,0,4,True,83.52000000000001,781.6,338
161,0,0,0,0,False,48.35000000000001,551.6,323
50,0,0,0,3,False,59.4,556.2,330
103,0,1,24,1,False,53.31,626.6,272
84,0,1,33,1,False,52.89,535.3,333
92,0,0,0,1,False,67.59,667.3,332
77,0,0,0,1,False,61.74000000000001,655.0,306
64,1,0,0,1,True,96.15,884.9999999999999,245
159,0,1,15,1,False,43.68,466.20000000000005,394
110,1,1,27,1,True,78.17,717.6,285
138,0,0,0,3,False,53.620000000000005,528.1,364
178,0,0,0,1,False,73.05,623.6,341
38,0,1,31,0,False,69.26,749.9,294
50,0,1,35,2,False,56.09000000000001,551.9,301
45,0,1,26,1,False,33.32,313.3,331
70,0,0,0,0,False,47.620000000000005,533.4,303
147,0,1,33,3,False,75.07,709.4,310
94,0,0,0,1,False,53.88999999999999,495.09999999999997,305
179,0,0,0,0,False,48.21,511.4,308
116,0,0,0,2,False,65.02,592.8,265
59,0,0,0,0,False,62.14,602.4000000000001,287
165,0,0,0,0,False,53.900000000000006,434.9,297
133,0,0,0,2,True,75.28999999999999,635.8,362
140,0,0,0,1,False,49.550000000000004,561.9,303
93,0,1,32,2,False,50.290000000000006,551.0999999999999,281
52,0,1,38,0,False,57.93000000000001,575.4000000000001,274
64,0,1,27,1,False,56.519999999999996,507.6,320
12,1,0,0,2,False,59.29,563.0,357
48,0,0,0,2,False,67.6,649.5999999999999,294
181,0,0,0,1,False,52.65,568.1,251
168,0,1,42,2,False,44.779999999999994,486.29999999999995,281
155,0,0,0,3,False,55.72,528.9,328
105,0,0,0,0,False,72.31,675.4,339
11,0,0,0,2,False,60.330000000000005,636.5,286
182,0,0,0,2,False,48.480000000000004,569.5999999999999,327
104,0,0,0,1,False,56.52,585.0,246
102,0,0,0,0,False,43.410000000000004,513.0,356
122,0,0,0,0,False,69.83,663.6,309
41,0,0,0,1,False,48.43,499.0,338
132,0,0,0,2,False,61.18,606.1999999999999,336
76,0,0,0,1,True,75.11999999999999,675.6999999999999,323
13,0,0,0,1,False,50.309999999999995,522.9,265
115,0,1,33,2,False,55.91,596.0,370
67,0,0,0,1,False,50.010000000000005,454.2,243
154,0,0,0,0,False,52.0,518.4000000000001,290
100,0,0,0,2,False,48.46,468.09999999999997,300
146,1,0,0,1,False,57.61000000000001,621.3000000000001,289
148,0,1,11,1,False,82.30999999999999,812.3,317
67,0,1,28,2,False,50.78,555.8,283
161,1,0,0,1,True,69.16,711.4,341
70,0,0,0,1,False,66.29,662.2,349
116,0,0,0,0,False,68.61999999999999,675.9,312
99,0,1,42,2,True,68.68,673.0999999999999,333
87,0,0,0,1,False,48.44,490.90000000000003,285
87,0,0,0,1,False,63.660000000000004,589.5,274
70,0,0,0,2,False,62.5,594.3000000000001,337
131,0,0,0,2,False,45.96,502.3,298
119,0,0,0,2,False,60.65,577.2,299
119,0,1,32,3,False,52.87,533.8,307
87,1,0,0,0,False,47.519999999999996,482.99999999999994,258
112,0,0,0,5,True,39.13,386.80000000000007,317
75,0,0,0,2,False,53.49,606.2,286
150,0,0,0,4,False,64.18,658.1000000000001,304
161,0,1,38,0,False,71.63999999999999,664.4000000000001,332
91,1,1,24,0,False,44.99,527.4999999999999,376
124,0,0,0,3,False,55.73,559.3,293
94,1,0,0,4,False,60.05,492.3,300
217,0,0,0,4,False,59.79999999999999,651.1,353
158,0,0,0,0,False,70.37,702.8000000000001,317
102,0,0,0,0,False,58.910000000000004,635.6,281
85,0,0,0,0,False,64.93,611.7,329
79,0,0,0,1,False,52.28,564.3,290
139,0,1,25,2,False,43.23,470.1,276
103,0,0,0,0,False,72.44,667.5,301
98,1,0,0,1,False,33.64,446.2,254
78,0,0,0,2,False,57.49999999999999,605.4000000000001,305
50,0,0,0,1,False,47.66,453.49999999999994,327
161,0,0,0,1,False,51.22,470.70000000000005,275
67,0,0,0,0,False,53.540000000000006,508.5,345
86,0,1,38,1,False,42.099999999999994,408.4,384
92,0,0,0,0,False,58.029999999999994,491.9,304
174,0,0,0,1,False,63.809999999999995,542.0999999999999,315
124,0,0,0,1,False,52.35000000000001,470.90000000000003,303
132,0,1,31,1,False,61.11,603.2,291
190,0,1,26,1,False,42.790000000000006,447.6,265
101,0,0,0,1,False,42.44,495.59999999999997,349
185,1,1,30,2,False,51.4,544.1,328
68,0,1,29,0,False,68.26,621.0,263
117,0,1,25,0,False,71.02,719.8,325
118,0,0,0,1,False,60.76,610.8000000000001,289
124,0,0,0,0,False,55.99,520.5,382
22,0,0,0,1,False,57.870000000000005,583.9,315
75,0,0,0,1,False,53.11,537.1999999999999,339
134,0,0,0,1,False,64.75,629.9,393
164,0,1,25,1,False,56.24,435.00000000000006,253
44,0,0,0,1,False,50.529999999999994,536.4,272
177,0,0,0,2,False,67.39999999999999,632.7,287
110,0,0,0,0,False,57.98,573.9,277
53,0,1,27,1,False,33.97,467.0,286
108,0,0,0,4,True,51.010000000000005,528.3,288
80,0,0,0,0,True,82.8,713.8,339
158,0,0,0,1,False,66.14999999999999,649.4000000000001,290
114,0,0,0,0,False,57.36,587.0,284
64,0,1,19,1,False,80.65,744.4,342
88,0,0,0,3,False,65.93,614.8999999999999,266
82,1,0,0,3,False,64.89,610.0,280
111,0,0,0,3,False,71.88,643.5999999999999,315
60,0,0,0,2,False,70.05,596.0999999999999,322
113,0,0,0,3,False,56.44,632.6999999999999,308
109,0,0,0,1,False,68.75999999999999,700.2,367
105,0,1,42,0,False,50.629999999999995,579.5,255
85,0,0,0,2,False,62.629999999999995,573.7,323
131,0,0,0,0,False,53.160000000000004,526.6999999999999,253
59,0,0,0,2,False,56.85,538.8000000000001,293
148,0,0,0,1,False,55.96,530.2,300
210,0,0,0,2,False,43.73,515.7,267
115,0,0,0,0,False,67.49,641.3000000000001,296
106,0,0,0,1,False,72.39,639.8,267
93,0,0,0,1,False,52.95,610.4000000000001,325
57,0,1,29,1,False,81.38,767.7,326
98,0,0,0,1,False,58.010000000000005,569.6999999999999,348
157,0,0,0,3,False,68.45000000000002,595.8000000000001,297
116,0,1,35,1,False,69.15,696.0,297
30,0,0,0,2,False,58.89,595.5,311
111,0,0,0,4,True,51.269999999999996,503.9,270
52,0,0,0,0,False,58.51,596.8000000000001,297
72,0,0,0,4,False,64.18,600.5,302
135,0,1,28,2,True,65.64,615.6,352
86,0,0,0,3,False,62.019999999999996,638.7,339
98,0,1,29,3,False,57.51,546.2,269
151,0,0,0,3,False,58.1,535.0999999999999,313
118,0,0,0,0,False,51.260000000000005,543.3,328
117,0,0,0,2,False,59.97,663.9999999999999,303
55,0,0,0,0,False,57.98,572.7,292
82,0,0,0,0,False,47.69,574.3,292
152,0,0,0,1,False,64.79,553.4000000000001,305
108,0,1,15,1,False,64.99,693.6999999999999,296
98,0,0,0,1,True,56.4,552.4000000000001,343
130,0,0,0,3,False,63.25999999999999,686.6,298
136,1,0,0,1,False,62.089999999999996,576.5999999999999,348
47,0,0,0,3,False,56.839999999999996,602.8,278
189,0,0,0,3,False,66.64,635.4,354
107,0,0,0,1,False,50.550000000000004,481.8,347
91,0,0,0,5,True,54.519999999999996,574.3000000000001,371
159,0,0,0,1,True,66.77,687.6,363
11,0,1,24,2,False,57.400000000000006,655.4,299
167,0,0,0,1,False,61.940000000000005,648.6999999999999,320
111,0,0,0,2,False,48.42,507.40000000000003,284
99,0,1,19,2,False,44.040000000000006,500.3,305
159,0,1,19,0,False,62.54,621.1,253
114,1,1,31,2,False,57.28000000000001,527.3,297
71,0,0,0,2,False,39.18,415.6,282
122,0,0,0,1,False,36.089999999999996,480.2,211
100,0,1,25,1,False,65.99,590.8,320
83,0,1,37,1,False,42.519999999999996,480.5,316
64,0,0,0,5,True,52.24,541.3,301
105,0,0,0,1,False,64.54,588.6999999999999,316
144,0,1,33,2,False,72.27000000000001,670.6,305
106,1,1,26,1,True,79.56000000000002,753.9,341
19,0,1,34,1,False,60.47,652.9999999999999,330
46,0,0,0,1,False,54.17,549.8000000000001,277
127,0,0,0,2,False,64.36999999999999,593.0,348
9,0,1,39,1,False,62.05,583.1,343
157,0,0,0,1,False,62.45,614.1,257
105,0,0,0,6,True,46.58,499.5,272
105,0,1,29,0,False,67.67999999999999,710.9,323
155,0,0,0,2,False,58.120000000000005,507.1,262
31,0,0,0,0,False,51.84,498.1,328
161,0,0,0,1,False,55.61,599.7,277
95,0,1,32,0,False,70.21,632.3000000000001,267
122,0,0,0,3,False,49.45,486.7,304
37,1,0,0,2,False,43.849999999999994,499.40000000000003,286
132,0,0,0,5,True,54.19,495.30000000000007,323
119,0,1,24,0,False,58.03,506.5,235
16,0,0,0,1,False,56.919999999999995,485.2,280
99,0,0,0,1,False,41.459999999999994,444.20000000000005,328
76,0,1,26,1,False,62.17,562.5,339
167,0,0,0,4,True,50.9,522.3,317
129,0,0,0,1,False,53.94,478.90000000000003,353
116,0,0,0,1,False,51.58,543.4,343
60,1,0,0,1,False,60.85,604.6,328
128,0,0,0,0,False,47.43999999999999,516.6999999999999,347
47,0,1,28,0,False,42.59,444.3,283
40,1,0,0,3,False,59.14,639.9,261
173,0,0,0,0,False,48.97999999999999,428.0,234
157,0,1,30,1,False,70.12,766.8000000000001,334
66,0,1,32,2,False,52.150000000000006,461.90000000000003,323
50,1,1,26,0,False,86.84,779.4,284
72,0,0,0,3,False,47.23,511.79999999999995,351
130,0,0,0,1,False,57.68,606.4999999999999,277
143,0,0,0,1,False,57.339999999999996,614.4,262
89,1,0,0,1,False,49.1,525.6999999999999,311
108,0,0,0,0,False,63.339999999999996,578.8000000000001,255
32,0,0,0,1,False,51.63,484.00000000000006,325
166,0,0,0,2,False,57.24999999999999,512.3000000000001,320
109,0,0,0,1,False,71.25,717.6,328
72,0,1,39,1,False,47.919999999999995,536.9,303
134,0,1,32,0,False,55.699999999999996,501.6,274
13,0,0,0,4,False,60.37,583.8000000000001,285
90,0,0,0,3,False,51.370000000000005,588.4,299
111,0,1,36,3,False,56.47,525.0,257
101,0,1,23,1,False,65.7,555.5999999999999,295
72,0,0,0,0,False,63.81999999999999,601.4,330
67,0,1,35,1,False,68.68,675.1,333
172,0,0,0,3,True,74.75,633.1,333
154,0,1,32,2,False,58.4,571.6,291
69,0,0,0,2,False,65.92,661.8,286
123,0,0,0,3,False,66.64,652.5999999999999,305
130,0,1,12,0,False,54.71,574.6,300
142,0,1,26,2,False,70.88000000000001,720.1999999999999,338
29,0,0,0,1,False,54.28,593.5,291
87,0,1,28,0,False,54.31,553.6,327
149,0,0,0,0,False,41.03,384.2,284
146,1,0,0,2,False,55.4,555.3000000000001,276
88,1,0,0,4,True,76.17999999999999,780.0,255
119,1,1,15,5,True,51.06,460.5,317
48,0,0,0,1,False,58.95,573.2,225
135,0,0,0,1,False,63.94,615.5,344
100,0,0,0,1,False,61.080000000000005,519.0,339
98,0,0,0,4,False,72.1,738.4999999999999,276
75,0,1,26,2,False,47.919999999999995,478.4,306
180,0,1,33,1,False,70.57,679.2,282
100,0,1,25,1,False,69.86,665.6,343
119,0,1,35,2,False,69.07,695.4,324
86,0,0,0,0,False,52.129999999999995,666.9,237
155,0,1,39,1,False,61.84,657.1999999999999,304
78,1,0,0,1,True,72.24,664.0,321
153,0,0,0,1,False,60.07,580.3,322
92,0,1,25,0,False,51.040000000000006,530.3000000000001,345
13,0,1,25,2,False,52.45,465.09999999999997,294
154,0,0,0,3,False,62.01,612.7,336
144,1,1,35,0,False,63.36,663.0,313
48,0,0,0,1,False,71.38,622.3,287
94,0,0,0,1,False,61.55,630.8000000000001,294
139,0,0,0,1,False,60.32999999999999,597.6,354
126,0,0,0,1,False,66.47,632.6999999999999,305
122,0,0,0,2,False,51.239999999999995,581.8000000000001,319
139,0,0,0,1,False,62.739999999999995,582.9,324
95,0,0,0,3,False,48.22,462.09999999999997,325
80,0,1,31,4,False,58.22,566.1000000000001,254
131,0,1,28,3,False,74.58999999999999,724.3,320
36,0,0,0,1,False,60.31999999999999,600.6,310
180,0,0,0,2,False,54.68,550.4000000000001,283
25,0,0,0,2,False,52.25,545.1,312
113,0,0,0,3,False,65.47999999999999,617.6,306
88,0,1,31,1,False,61.42,613.9999999999999,319
120,0,0,0,1,False,52.57,476.50000000000006,312
74,0,0,0,1,False,37.17999999999999,348.9,272
109,0,0,0,2,False,57.879999999999995,541.3,299
162,0,1,33,0,False,55.99,507.40000000000003,329
124,0,1,37,1,False,57.58,605.8,279
177,0,0,0,2,False,47.82,560.4,257
91,0,0,0,1,False,69.89999999999999,690.7,299
105,0,0,0,0,True,75.71,684.6999999999999,273
24,0,0,0,0,True,69.36,626.5,283
48,0,0,0,0,False,33.51,301.49999999999994,232
86,0,0,0,2,False,45.43,459.50000000000006,329
163,0,0,0,4,False,58.43999999999999,557.6999999999999,221
91,0,0,0,0,False,55.15,506.6,328
56,0,0,0,3,False,50.11,492.1,286
147,1,1,24,3,False,73.15,789.0,349
64,0,0,0,2,False,55.129999999999995,537.0,311
108,0,1,34,4,True,56.44,603.3000000000001,279
159,0,0,0,5,False,64.48,624.1,325
136,1,0,0,3,False,72.13999999999999,639.6,286
116,0,1,35,1,False,60.849999999999994,600.3,346
45,0,1,38,1,False,68.92999999999999,720.5,287
122,0,0,0,2,False,54.970000000000006,570.8000000000001,380
138,0,0,0,5,False,62.050000000000004,625.4000000000001,285
132,0,0,0,1,False,51.34,579.9,273
101,1,0,0,0,False,61.96,614.9,314
58,0,0,0,2,False,71.25,663.1999999999999,337
81,0,0,0,1,False,45.5,466.3,336
87,0,0,0,3,False,56.879999999999995,593.8,323
116,0,0,0,2,False,64.61,590.8,298
85,1,0,0,4,False,63.20000000000001,627.3,349
62,0,1,33,2,True,64.68,685.1999999999999,326
90,0,0,0,0,False,51.2,614.0999999999999,286
98,0,0,0,2,False,54.91,573.3,281
73,0,0,0,1,False,58.19,519.7,330
107,1,0,0,2,False,68.17,698.8000000000001,267
55,0,1,20,2,False,56.9,570.5999999999999,314
76,0,1,22,3,False,45.17,361.49999999999994,349
30,0,0,0,3,False,55.9,589.9,326
157,0,0,0,4,False,58.2,516.6,352
40,0,1,31,1,True,57.07000000000001,487.0,259
72,0,0,0,1,False,48.959999999999994,482.70000000000005,266
95,0,1,39,1,False,74.01,679.9000000000001,343
42,0,0,0,0,False,49.900000000000006,486.2,303
86,0,0,0,1,False,61.67,655.0,297
131,0,0,0,0,False,67.56,627.3,320
55,0,1,45,4,True,49.24,491.5,327
74,0,0,0,0,False,63.080000000000005,646.7,293
81,1,1,37,1,False,77.11,780.4999999999999,324
81,0,0,0,4,False,60.22,617.2,284
28,0,0,0,6,True,45.39000000000001,517.4,284
111,0,0,0,0,False,56.87,539.0,326
3,0,1,27,2,False,47.93,603.9,289
51,0,0,0,1,True,78.88,768.1,362
68,0,1,24,1,False,65.37,643.3,312
163,0,0,0,0,True,75.14,694.1,274
87,0,0,0,2,False,56.54,636.8000000000001,232
58,0,0,0,0,True,52.38,596.6,282
109,0,0,0,0,False,53.28,537.8,369
111,0,0,0,4,False,73.04,743.5,307
144,0,0,0,2,False,42.63999999999999,374.4,268
135,0,0,0,5,True,77.48,723.6,296
109,0,1,46,4,False,66.65,624.1,309
107,0,1,14,1,False,47.199999999999996,516.3,305
149,0,0,0,2,False,54.04,495.5,294
56,0,0,0,1,False,66.6,587.6,348
129,0,0,0,0,False,51.43000000000001,604.0,288
92,0,0,0,0,False,70.44999999999999,639.0,332
67,0,1,30,1,False,59.13,674.1,309
120,0,0,0,0,False,67.9,609.7,291
166,0,0,0,1,False,65.25,617.0,335
66,0,0,0,1,False,47.949999999999996,543.4000000000001,317
76,0,0,0,0,False,58.540000000000006,549.5999999999999,288
79,0,0,0,2,False,68.99,686.9,391
98,0,1,31,2,False,63.74,651.4999999999999,337
141,0,1,22,1,False,73.89,712.4,316
49,0,0,0,2,True,75.94000000000001,693.1,307
46,0,0,0,3,False,60.97,595.1,280
137,0,0,0,3,False,43.31,484.1,278
171,0,0,0,1,True,74.25000000000001,646.1,297
10,0,0,0,1,False,64.49000000000001,615.5999999999999,336
88,0,0,0,3,False,44.78000000000001,545.8,304
89,0,0,0,2,False,54.199999999999996,537.0,293
82,0,0,0,3,True,62.199999999999996,640.0000000000001,286
139,0,0,0,3,False,58.67,544.8,374
87,0,0,0,0,False,58.01,561.0,344
137,1,0,0,2,False,58.099999999999994,607.4,339
45,0,0,0,1,True,39.57,457.49999999999994,332
90,0,0,0,1,False,61.73,623.1,288
103,0,0,0,1,False,57.019999999999996,617.1,308
100,0,0,0,2,False,59.88,482.70000000000005,322
110,0,0,0,3,False,52.22,468.09999999999997,296
124,0,0,0,2,False,60.019999999999996,498.20000000000005,288
10,0,0,0,2,False,61.010000000000005,612.9000000000001,259
89,0,1,29,2,False,70.38,827.7,368
121,0,0,0,2,False,60.24,535.7,310
101,0,0,0,3,False,68.1,636.8000000000001,284
103,0,1,31,2,False,58.86,544.6,345
51,0,0,0,1,False,62.410000000000004,596.3,263
2,1,0,0,2,True,45.400000000000006,472.70000000000005,250
111,0,0,0,0,False,65.01,648.1999999999999,357
118,0,0,0,2,False,55.12,568.8,324
17,0,1,31,6,True,54.620000000000005,573.3,277
130,0,0,0,2,False,67.18,669.4999999999999,328
193,0,0,0,2,True,40.97,460.4,315
114,0,0,0,1,False,64.17999999999999,652.1999999999999,355
137,0,0,0,2,False,50.120000000000005,551.0,273
185,0,1,29,2,False,57.17,563.9999999999999,302
101,0,0,0,3,False,64.89,618.4,290
95,0,1,32,3,False,65.7,609.6,294
7,0,1,30,1,False,65.77,645.0,347
126,0,0,0,1,True,79.75999999999999,690.8000000000001,302
71,0,0,0,0,False,58.08,504.0,345
124,0,0,0,3,False,72.34,662.9,260
97,1,0,0,0,True,66.49,642.8,334
28,0,0,0,2,False,57.38,592.3999999999999,329
90,1,0,0,4,True,52.44,512.0,305
190,0,0,0,1,False,60.55,614.1,289
31,0,1,28,1,False,71.06,714.1,314
52,0,1,24,2,False,54.43,535.4,280
73,0,0,0,0,False,60.73,508.9,227
111,0,0,0,0,True,74.89999999999999,692.6,301
98,0,0,0,4,True,22.93,333.5,219
106,1,0,0,1,True,49.769999999999996,514.1,243
111,0,0,0,0,False,67.66999999999999,657.0,344
59,0,0,0,1,False,58.87,640.5,281
71,0,1,22,2,False,49.309999999999995,530.0,314
55,0,0,0,0,True,82.58,762.0999999999999,377
13,0,0,0,1,False,42.58,491.49999999999994,305
136,0,1,16,0,False,46.239999999999995,531.9000000000001,333
123,0,0,0,0,False,52.11,592.6,319
105,0,0,0,2,False,54.86,546.6999999999999,286
50,0,1,31,3,False,84.30000000000001,750.7,329
118,0,0,0,1,False,53.81999999999999,579.8,317
97,0,0,0,3,False,55.050000000000004,540.3,259
51,0,0,0,0,False,70.11,679.9,323
73,0,0,0,1,True,71.04,726.0,283
35,0,0,0,2,False,41.29,396.90000000000003,325
64,0,0,0,1,False,69.79,703.8000000000001,250
63,0,0,0,3,False,38.18,370.2,307
117,0,1,31,3,False,51.96,613.6,350
115,0,0,0,1,True,78.82,779.6,304
162,0,0,0,1,False,61.66,600.6,298
89,0,0,0,3,False,43.910000000000004,506.2,287
94,1,0,0,1,False,66.60999999999999,609.6,335
129,0,0,0,4,False,61.480000000000004,558.7,292
86,0,0,0,1,False,60.02,537.0999999999999,336
96,0,0,0,1,False,58.0,612.9,399
190,0,0,0,1,False,61.62,628.9,313
80,0,0,0,1,False,44.69,495.7,259
108,0,0,0,4,True,46.01,518.7,312
97,0,1,32,0,False,58.76,594.6,328
84,0,1,42,0,False,70.49,747.3,346
65,0,0,0,4,True,76.3,777.1000000000001,374
131,0,1,34,1,False,48.06,502.69999999999993,359
58,1,1,43,1,False,58.529999999999994,617.4,305
36,0,0,0,3,False,65.86,645.3000000000001,359
54,0,0,0,1,False,43.35,469.4,345
45,0,0,0,1,False,60.21999999999999,619.2,312
125,0,1,39,2,False,75.07,709.8,328
72,0,1,21,2,False,53.89000000000001,541.8000000000001,316
141,0,0,0,3,False,35.379999999999995,447.5,309
113,0,0,0,0,False,45.58,546.4999999999999,356
20,0,1,35,0,False,51.540000000000006,497.30000000000007,353
212,0,0,0,1,False,49.37,580.7,281
99,1,0,0,4,False,58.63,567.1999999999999,324
94,0,0,0,1,False,65.01,626.9999999999999,235
40,0,0,0,1,False,37.88,360.3,315
86,0,1,29,3,False,55.88,588.6,368
101,0,0,0,3,True,74.36,696.0,293
170,0,0,0,0,False,71.22999999999999,650.0,334
105,0,0,0,1,False,71.44,652.2,296
103,0,0,0,0,False,53.99,508.8,300
140,1,1,27,4,False,57.8,559.0,331
101,0,0,0,1,False,25.87,368.09999999999997,218
98,0,1,19,1,False,52.08,592.9,272
104,0,0,0,4,False,60.0,614.4,324
115,0,0,0,3,False,47.14,505.3,279
112,0,0,0,0,False,59.79,582.7,281
70,0,0,0,1,False,66.77000000000001,680.4000000000001,268
126,0,0,0,0,False,50.129999999999995,486.20000000000005,285
87,0,1,39,3,False,43.04,480.1,265
125,0,0,0,4,True,44.7,473.3,316
86,0,0,0,1,False,57.279999999999994,640.0,350
73,0,1,31,6,True,49.279999999999994,579.8,296
232,0,0,0,1,False,53.309999999999995,491.6,299
1,0,1,30,0,False,64.34,672.4,317
133,0,0,0,1,False,60.6,646.8,268
103,0,0,0,1,False,54.31,534.6,296
131,0,1,24,1,False,54.940000000000005,589.1,263
95,0,1,20,0,False,60.1,634.3999999999999,269
182,0,0,0,1,False,57.99,595.4000000000001,334
99,0,0,0,0,False,53.17,559.0,299
27,0,0,0,3,False,66.14999999999999,674.9,322
141,0,0,0,1,False,40.0,435.0,264
29,1,1,37,2,False,63.36,563.8000000000001,293
65,0,0,0,2,False,39.92,434.6,312
81,1,0,0,3,True,54.489999999999995,553.6999999999999,266
37,0,1,20,0,False,75.69,702.3,300
107,0,1,31,1,False,59.35999999999999,649.0000000000001,225
127,1,1,28,1,False,39.550000000000004,418.6,383
78,0,0,0,0,False,55.05000000000001,600.5,303
55,0,0,0,2,False,51.29,578.4,359
86,0,1,30,2,False,53.489999999999995,627.8999999999999,306
176,0,0,0,2,False,66.5,580.5,299
96,1,0,0,2,False,66.15,599.6,337
11,0,1,38,1,False,64.76,646.4,300
48,0,1,34,1,False,68.78,697.2,266
127,0,0,0,1,False,66.03,629.9,343
63,0,0,0,0,False,54.93,576.3,292
79,0,0,0,1,False,64.43,586.3000000000001,280
47,0,1,37,2,False,51.51,548.6,365
89,1,1,19,0,True,49.94,508.9,364
83,0,1,26,1,False,67.37,605.5,303
126,1,1,34,4,False,72.41000000000001,685.0,365
60,0,0,0,2,False,68.78,679.0,348
122,0,0,0,0,False,54.72,577.3,366
136,0,0,0,1,False,50.410000000000004,485.6,291
172,0,1,47,1,False,75.99999999999999,715.3,345
102,0,0,0,1,True,62.330000000000005,614.1999999999999,279
113,1,0,0,1,False,59.529999999999994,541.7,301
79,0,0,0,3,False,65.02,653.0,267
55,0,1,8,1,False,72.02,781.2,314
111,0,1,28,2,False,44.68,443.8,234
160,0,0,0,0,False,56.37,574.7,345
110,0,0,0,4,False,65.42,596.6999999999999,339
192,0,0,0,4,False,72.87,686.9,240
93,0,0,0,0,False,46.839999999999996,472.59999999999997,300
101,0,1,33,2,False,64.1,600.5,346
77,0,0,0,2,False,52.169999999999995,560.9,327
105,0,1,40,2,False,62.3,582.7,339
133,0,1,44,2,True,61.269999999999996,621.6,287
131,0,0,0,1,False,60.27,706.8000000000001,258
106,0,1,33,1,False,43.36,478.0,322
118,0,0,0,1,False,46.02,515.0,338
125,0,0,0,1,False,54.190000000000005,593.9,295
95,0,0,0,0,False,63.56,615.4,268
80,0,0,0,3,False,57.699999999999996,546.1999999999999,326
145,0,0,0,0,False,40.25,499.6,280
37,0,0,0,2,False,57.53,499.0,344
87,0,0,0,1,False,57.099999999999994,603.5000000000001,244
69,0,0,0,3,False,64.07,658.0,284
83,0,0,0,1,False,44.07,460.3,307
195,0,0,0,0,False,39.120000000000005,472.5,298
67,1,1,35,0,True,63.43000000000001,630.1999999999999,285
75,0,1,27,3,False,47.440000000000005,522.9000000000001,350
123,0,1,27,0,False,62.94,570.9000000000001,274
41,0,1,41,1,False,53.71000000000001,466.2,292
75,0,0,0,0,False,60.56,618.9,291
76,1,0,0,1,True,79.54,714.1000000000001,278
86,1,0,0,1,False,72.78,664.9,319
140,0,0,0,0,False,48.13,535.4,245
70,0,0,0,3,False,36.67999999999999,372.1,333
121,0,1,35,0,False,61.190000000000005,616.1,258
112,0,0,0,1,False,65.39999999999999,671.0999999999999,334
118,0,0,0,2,False,71.53999999999999,659.2,315
66,0,1,16,1,False,65.57000000000001,721.0999999999999,297
78,0,0,0,0,False,43.48,497.40000000000003,291
129,0,1,34,2,False,58.61,542.1999999999999,318
6,0,0,0,3,False,61.379999999999995,552.4,317
107,1,0,0,1,False,69.07000000000001,689.7,299
107,1,0,0,3,True,52.54,570.2,320
138,0,0,0,1,False,49.77000000000001,509.2,339
103,0,0,0,0,False,55.72,621.3000000000001,273
116,0,1,44,0,False,72.23,709.8000000000001,275
189,0,0,0,2,False,64.59,615.8,289
161,0,0,0,2,False,48.279999999999994,574.2,333
1,0,0,0,1,False,69.95,711.1,282
89,0,0,0,1,False,61.300000000000004,603.0999999999999,334
64,0,0,0,1,False,72.68,687.1,296
126,0,1,30,4,True,49.33,471.40000000000003,288
129,0,0,0,2,False,63.410000000000004,618.4999999999999,318
128,0,1,32,0,False,71.69,687.0999999999999,321
81,0,1,36,3,False,54.45,619.2,311
114,0,0,0,1,False,55.45,520.8,307
50,0,0,0,0,False,64.09,674.0,308
86,0,0,0,3,False,53.89000000000001,581.0999999999999,301
96,0,0,0,1,False,63.18,622.7,297
72,0,0,0,0,False,67.26,578.5,296
64,0,1,40,8,False,64.67,617.4,303
57,1,1,17,2,False,68.01,648.5,308
65,0,0,0,2,False,59.79,663.0,389
163,0,0,0,1,False,68.05999999999999,647.0999999999999,348
136,0,0,0,2,False,71.24,679.3000000000001,268
116,0,0,0,1,False,61.96,617.8,348
93,0,0,0,3,False,62.38,685.8000000000001,287
142,0,1,40,3,False,67.25000000000001,632.8000000000001,311
92,0,0,0,1,False,72.32999999999998,666.0,272
70,0,0,0,1,False,69.03,680.8000000000001,283
22,0,1,14,1,False,56.790000000000006,490.79999999999995,295
37,0,0,0,2,False,70.21,666.3,326
51,0,0,0,1,False,60.66,662.0,330
174,0,0,0,2,False,48.720000000000006,518.0,316
68,0,0,0,1,True,71.28999999999999,716.6,312
130,0,0,0,1,False,64.31,613.8,287
104,0,0,0,2,False,53.17999999999999,557.1999999999999,304
134,0,0,0,2,False,60.7,609.1,312
108,0,1,35,2,False,55.86000000000001,567.6,349
103,0,0,0,3,False,62.85999999999999,649.1,216
62,0,0,0,1,False,55.169999999999995,600.9,312
162,0,0,0,2,False,48.94,535.6999999999999,301
93,0,1,19,2,False,45.10000000000001,399.9,316
42,0,0,0,1,False,42.97,445.6,307
155,0,1,23,2,False,66.01,603.9999999999999,352
36,0,0,0,0,False,52.31,582.8,321
143,0,0,0,0,True,62.519999999999996,597.9,315
197,0,0,0,3,False,53.989999999999995,564.2,301
81,0,0,0,1,True,77.16,756.9,345
138,1,0,0,4,True,33.849999999999994,409.6,317
103,0,1,18,0,True,50.839999999999996,503.8,287
127,1,0,0,2,True,75.48,734.1999999999999,283
136,0,0,0,1,True,74.89,736.5,308
99,0,0,0,2,False,67.53999999999999,657.9000000000001,280
95,0,0,0,0,False,40.32,489.0,295
118,1,1,21,4,True,54.53,535.5,331
113,0,0,0,5,True,30.830000000000002,364.59999999999997,316
128,1,0,0,0,False,60.050000000000004,509.7,334
117,0,0,0,3,False,42.11000000000001,452.9,307
48,0,1,36,3,False,67.7,676.1,304
81,1,0,0,0,False,71.47,708.9999999999999,341
57,0,0,0,1,False,60.24,599.0,265
140,0,0,0,1,False,53.75,518.6,275
107,0,1,38,2,False,60.29,515.0,257
56,0,0,0,1,False,49.480000000000004,499.70000000000005,306
159,0,0,0,1,False,49.08,547.0,303
102,0,0,0,1,False,71.10000000000001,622.5999999999999,323
107,0,0,0,1,False,47.78,534.3000000000001,347
106,0,0,0,2,False,35.709999999999994,396.0,316
225,0,0,0,0,True,63.18,657.8000000000001,311
75,0,0,0,2,False,51.879999999999995,490.59999999999997,278
86,0,0,0,0,False,68.61999999999999,672.5,265
169,0,0,0,1,False,65.24,606.8,271
122,0,1,22,2,False,58.190000000000005,557.7,321
106,0,0,0,0,False,65.62,694.9,373
52,0,1,32,2,False,59.800000000000004,680.1999999999999,237
79,0,1,34,2,False,53.269999999999996,611.4,284
135,0,0,0,2,False,67.19,640.1,316
70,0,0,0,0,False,57.15,575.9,305
80,0,0,0,2,False,55.05000000000001,573.0999999999999,259
37,0,0,0,0,False,56.29,540.6999999999999,300
161,0,1,39,1,False,57.92999999999999,543.5999999999999,295
137,0,0,0,1,False,46.22,582.1,255
123,0,0,0,0,False,43.730000000000004,455.5,357
80,0,1,38,2,False,69.00999999999999,653.1,249
94,0,0,0,0,False,50.66,607.8000000000001,330
105,0,1,27,1,False,53.68,594.6999999999999,293
73,0,1,31,0,False,61.47,612.0,301
112,0,0,0,2,False,58.95,620.8,300
179,0,0,0,1,False,64.09,596.2,304
57,0,0,0,1,False,57.07,614.5,269
127,0,1,14,1,False,51.88,546.3000000000001,268
122,1,1,40,1,False,69.81,664.7,273
33,0,1,35,1,False,51.25999999999999,512.6,300
94,0,0,0,3,False,48.17,506.4,253
100,0,0,0,1,False,58.309999999999995,572.6,381
106,0,0,0,2,False,52.6,528.1,281
148,0,1,38,2,False,54.86,451.9,292
120,0,1,29,0,False,79.30000000000001,744.0000000000001,318
91,0,1,34,1,False,60.089999999999996,587.1,305
86,0,0,0,1,False,50.449999999999996,551.0,285
78,0,1,25,0,False,71.78,718.0,261
94,0,0,0,1,False,54.81,573.2,334
85,0,0,0,2,True,74.06,755.1,291
89,0,0,0,1,False,38.9,451.4,231
128,0,0,0,1,False,63.43,609.4000000000001,304
115,1,0,0,1,False,60.62,608.3,318
76,0,0,0,1,False,51.47,561.6999999999999,264
75,0,1,39,1,False,66.39999999999999,619.4999999999999,319
90,0,1,29,2,False,60.06,568.5,344
30,0,0,0,3,False,47.18,493.1,324
105,1,0,0,1,True,84.67,818.6999999999999,319
102,0,1,31,3,False,42.57,441.0,270
83,0,0,0,3,False,55.04,534.2,255
63,0,1,49,0,False,63.28,592.1000000000001,319
155,0,0,0,2,False,56.269999999999996,541.0,308
82,0,1,29,2,False,45.27,386.80000000000007,286
87,0,0,0,1,False,63.24,629.4999999999999,309
115,0,1,26,0,False,59.0,652.2,347
99,1,0,0,0,True,81.41,767.6,300
121,1,1,44,3,False,69.7,639.2,368
54,0,1,33,2,False,46.529999999999994,481.6,289
105,0,0,0,3,False,51.09,510.3,251
73,0,0,0,1,False,52.84,550.4,340
95,0,0,0,0,False,71.16000000000001,770.0000000000001,359
21,0,1,19,3,False,50.39,504.8999999999999,280
163,0,1,25,2,False,69.86,686.5,294
57,0,0,0,0,False,64.64,700.9,295
104,1,0,0,4,False,69.45,773.5,271
83,0,1,20,0,False,42.47,474.7,262
141,0,0,0,2,False,63.08,693.8,315
95,0,0,0,3,False,61.699999999999996,604.5999999999999,314
184,0,0,0,1,True,76.98,729.5,291
74,0,0,0,2,False,59.489999999999995,658.1999999999999,211
67,0,0,0,0,False,60.51,636.6999999999999,312
104,1,0,0,0,False,53.58,580.3,328
71,0,1,39,1,False,59.91,576.9,329
149,0,0,0,4,True,47.07,504.4,323
154,0,1,35,0,False,64.33,588.7,303
138,0,1,21,0,False,25.52,348.0,370
117,0,0,0,1,False,61.129999999999995,576.1,305
130,0,0,0,1,False,57.4,550.5,372
73,0,0,0,2,False,66.05000000000001,591.1,372
100,0,1,38,0,False,78.89,818.5,319
149,0,0,0,1,False,59.550000000000004,528.4000000000001,284
29,0,0,0,2,False,57.14,510.09999999999997,296
131,0,0,0,1,False,41.519999999999996,432.8,287
153,0,0,0,2,False,55.120000000000005,601.6,322
84,0,0,0,2,False,65.13,571.9000000000001,392
133,0,0,0,2,False,57.230000000000004,576.5999999999999,309
112,0,0,0,0,False,56.89,562.9000000000001,339
87,0,0,0,0,False,63.94,661.0,273
72,0,0,0,2,False,60.940000000000005,623.9,336
66,0,0,0,4,True,52.50000000000001,514.3,357
65,0,1,29,1,False,66.12,699.1999999999999,287
74,0,0,0,2,False,69.89999999999999,691.1999999999999,310
116,0,0,0,6,True,52.529999999999994,516.4,240
68,0,0,0,2,False,52.17999999999999,497.79999999999995,285
68,0,0,0,3,False,64.88,611.6,298
54,1,0,0,1,False,68.07000000000001,653.6,249
99,0,0,0,1,False,34.84,430.4,323
107,0,0,0,3,False,53.58,626.9,280
124,0,0,0,1,False,56.260000000000005,528.5999999999999,259
95,0,1,36,3,False,87.29,842.3,330
173,0,0,0,0,True,77.3,667.1999999999999,398
110,0,0,0,1,False,60.17,556.8,274
102,0,0,0,0,False,64.27,690.2,330
130,0,0,0,0,False,38.59,443.6,339
91,0,1,31,1,False,72.02999999999999,602.8000000000001,292
64,1,0,0,1,True,58.45,490.40000000000003,362
176,0,1,23,1,False,71.9,630.7,314
93,1,0,0,1,True,51.02,517.9,289
84,0,1,12,1,False,37.38,404.8,276
138,0,0,0,3,False,53.36,587.5,286
101,0,1,28,1,False,53.239999999999995,629.6000000000001,364
136,0,0,0,2,False,47.230000000000004,483.8,278
111,0,0,0,2,False,57.09,582.1999999999999,284
132,0,1,36,0,False,57.22,503.20000000000005,265
128,0,0,0,3,False,67.98,587.9000000000001,265
92,0,1,38,1,False,66.59,620.8,349
197,1,0,0,5,True,52.07,537.2,295
191,0,0,0,1,False,60.449999999999996,624.5,314
99,0,1,33,2,False,61.03,593.6999999999999,292
106,0,1,31,3,False,52.57000000000001,448.7,340
88,0,0,0,2,False,63.74999999999999,698.6999999999999,232
78,0,0,0,0,False,56.04,504.99999999999994,310
98,0,0,0,1,False,54.69,543.9,322
17,0,1,35,1,False,68.39,687.1,337
56,0,1,24,1,False,51.76,585.0,264
84,0,0,0,2,False,63.28,727.5999999999999,245
95,0,0,0,2,False,60.4,558.7,265
16,0,0,0,5,False,64.14,637.7,293
76,1,0,0,1,True,73.25,702.9,284
93,0,0,0,0,False,55.849999999999994,600.0,269
83,0,0,0,2,False,46.480000000000004,471.2,302
123,0,0,0,1,False,58.93,589.7,257
64,0,0,0,1,False,58.85,656.1999999999999,325
82,0,0,0,0,True,88.66,815.8000000000001,301
107,0,0,0,2,False,60.35999999999999,571.8000000000001,335
110,0,0,0,1,False,56.2,604.5000000000001,308
96,0,1,29,1,False,51.60999999999999,546.0,224
47,0,1,30,2,False,67.59,676.9,355
115,0,0,0,2,False,39.81,408.30000000000007,306
69,0,0,0,3,False,48.11,490.2,262
163,0,1,40,2,False,72.82,724.5,224
90,0,0,0,3,False,31.339999999999996,382.3,301
98,0,0,0,3,False,38.95,445.0,324
90,0,1,39,1,False,46.7,522.6999999999999,250
174,0,1,15,1,False,68.94,666.6,376
95,0,0,0,2,True,75.63,689.3,305
79,0,0,0,1,True,74.99,724.7,320
123,0,1,27,1,False,66.12,633.4,361
99,0,0,0,7,True,52.76,600.0,291
114,0,0,0,2,False,67.71,702.8999999999999,327
141,0,0,0,1,False,63.970000000000006,582.4,307
132,0,0,0,1,False,59.06,596.9,309
133,0,0,0,0,False,63.19,663.4000000000001,285
133,0,0,0,4,False,60.760000000000005,551.4999999999999,360
93,0,1,32,2,False,58.17,535.8,268
34,0,0,0,2,True,84.08,755.4000000000001,246
140,0,0,0,4,True,52.699999999999996,584.8000000000001,269
96,0,1,26,2,False,58.46,571.5,287
144,0,0,0,1,True,76.34,650.8000000000001,280
24,0,1,29,3,False,64.14,563.3000000000001,326
54,0,0,0,1,False,71.91999999999999,672.7,389
50,0,0,0,5,True,46.75,504.1,320
92,0,1,23,4,False,58.7,553.6,325
96,0,0,0,3,False,65.89,639.9,191
146,0,0,0,2,False,63.02,679.2,286
138,1,1,17,0,False,62.74000000000001,556.1000000000001,307
102,0,0,0,4,False,58.019999999999996,563.1999999999999,308
76,0,0,0,5,True,49.47,543.6,254
99,0,0,0,3,False,56.769999999999996,552.9999999999999,254
83,0,1,36,0,False,52.42,599.4,305
36,0,1,25,1,False,55.71000000000001,552.1,253
70,0,0,0,1,False,54.08999999999999,584.3,331
109,1,0,0,2,True,74.46000000000001,726.6,308
100,0,0,0,2,False,56.85,531.8000000000001,360
104,0,0,0,1,False,53.910000000000004,549.5,340
106,0,0,0,1,False,62.16,630.4000000000001,319
84,0,0,0,1,False,40.13,461.3,344
80,0,0,0,2,False,62.75999999999999,678.4,280
100,0,0,0,1,False,38.74,404.5,224
99,0,0,0,2,False,55.76,629.4000000000001,326
50,0,0,0,1,False,52.58,555.3,342
105,0,0,0,1,False,45.71,531.9000000000001,222
113,0,1,23,4,False,57.019999999999996,596.1,252
111,0,1,36,2,False,42.05,446.79999999999995,317
161,0,0,0,2,False,54.589999999999996,623.6999999999999,301
70,0,0,0,0,True,80.35000000000001,804.7,317
97,0,1,43,3,False,54.96,611.9999999999999,325
130,0,0,0,0,False,55.870000000000005,638.0,258
92,0,0,0,1,False,65.67999999999999,687.0,303
119,0,0,0,0,False,49.81,503.59999999999997,250
115,0,0,0,1,True,76.64,690.4,346
134,0,0,0,0,False,53.78,574.5999999999999,262
127,0,1,25,0,False,65.1,723.5999999999999,257
80,0,0,0,2,True,80.35999999999999,742.5,408
153,0,1,31,0,False,56.45,481.0,344
85,0,0,0,3,False,73.39,730.2,280
79,0,0,0,1,False,38.85,502.2,279
35,0,0,0,1,False,73.75999999999999,656.0,290
120,0,1,26,0,False,75.54,744.5,317
68,0,0,0,0,False,64.09,594.0,341
60,0,0,0,1,True,63.06,649.9000000000001,340
120,0,0,0,1,False,53.28,519.9,350
71,0,1,23,1,False,67.77,717.1,379
124,0,0,0,3,False,51.900000000000006,522.8,324
23,0,0,0,1,True,47.269999999999996,551.6999999999999,297
225,0,0,0,1,False,64.2,656.0,310
181,1,0,0,0,True,53.59,561.8000000000001,267
63,0,0,0,2,False,54.269999999999996,587.2,316
54,1,0,0,2,True,63.449999999999996,601.4000000000001,329
80,1,1,15,1,False,51.14,482.99999999999994,317
118,1,1,39,1,False,44.40999999999999,404.1,326
42,1,0,0,2,False,56.24,532.5999999999999,341
134,0,0,0,0,False,68.27999999999999,693.6,310
66,0,1,35,0,False,66.48,670.5,307
66,0,0,0,2,False,68.83,706.9,312
127,0,1,28,1,False,73.10999999999999,721.3,366
146,0,0,0,0,False,55.8,538.6,291
93,0,1,42,1,False,62.39,622.6,292
77,0,0,0,0,True,76.08,746.1999999999999,265
111,0,0,0,4,True,50.519999999999996,494.3,295
125,0,0,0,2,False,53.72,505.30000000000007,288
115,0,1,14,2,False,53.39,520.9,299
115,1,0,0,2,True,50.47,532.6999999999999,336
114,0,0,0,2,False,62.650000000000006,585.9,263
106,0,0,0,0,False,59.5,640.6,335
118,0,1,39,2,False,47.99,553.1,345
59,0,0,0,1,False,52.11,486.1,279
87,1,1,40,1,False,64.14,612.6,280
21,0,0,0,1,False,70.33,700.8000000000001,286
142,0,1,24,0,False,79.19,791.9000000000001,278
62,0,0,0,0,False,62.14,642.0999999999999,346
149,0,0,0,3,True,74.67,717.5,263
54,0,1,39,2,False,47.209999999999994,524.4999999999999,265
112,0,0,0,1,False,62.43,615.5999999999999,325
68,0,0,0,1,False,58.61,609.1,304
201,0,1,21,1,False,62.26,562.3000000000001,306
88,0,0,0,1,False,59.99000000000001,536.6,236
85,0,1,29,1,False,46.85999999999999,460.9,350
51,1,0,0,0,True,59.36,614.8000000000001,289
45,0,1,29,2,False,54.730000000000004,601.8,303
116,0,0,0,0,False,54.96,603.5,324
146,0,1,31,1,False,64.69000000000001,621.3,278
63,0,1,34,1,False,57.300000000000004,587.3,318
133,0,0,0,0,False,51.29,419.6,331
125,0,0,0,2,False,61.989999999999995,616.6,349
72,0,0,0,1,False,52.599999999999994,540.8,307
130,0,0,0,0,False,51.26,571.6999999999999,314
97,0,0,0,1,False,65.25,714.8999999999999,319
54,0,0,0,1,True,79.97,725.0,293
160,0,1,29,1,False,59.99,566.4,364
79,0,0,0,1,False,49.089999999999996,505.20000000000005,314
92,0,1,47,0,False,53.650000000000006,563.3000000000001,331
59,0,0,0,1,False,68.64999999999999,678.3,286
132,0,0,0,1,False,47.599999999999994,424.49999999999994,270
21,0,0,0,0,False,71.85000000000001,701.1,318
93,0,0,0,2,False,61.089999999999996,648.1999999999999,335
147,0,1,36,5,False,70.74000000000001,594.0999999999999,315
101,0,0,0,1,False,63.75,655.4,278
125,1,0,0,0,True,59.959999999999994,621.4,343
63,0,0,0,3,False,68.3,670.5000000000001,329
107,0,0,0,0,False,63.42,566.1,317
110,0,0,0,3,False,59.91,544.5999999999999,298
83,0,0,0,3,False,70.33,671.5,292
117,0,0,0,1,False,61.15999999999999,666.5,336
124,0,0,0,0,False,66.92,674.4,377
115,0,0,0,3,False,52.64,589.1999999999999,339
156,1,0,0,1,False,73.84,617.9999999999999,324
89,0,0,0,0,False,55.85999999999999,531.5,312
72,0,0,0,0,False,60.79,541.2,397
101,0,1,42,0,False,59.870000000000005,560.0,259
53,0,0,0,2,False,61.13,560.7,342
116,0,0,0,2,False,51.15,507.8,374
78,0,0,0,3,False,56.01,628.9,381
117,0,1,17,0,False,64.88,655.9999999999999,273
56,0,0,0,1,False,48.1,539.6999999999999,296
123,0,1,39,1,False,75.86,639.8,329
127,0,0,0,2,False,52.31,516.4,298
116,0,1,23,2,False,70.50999999999999,681.5,306
138,0,1,26,1,False,64.13,625.3,304
120,0,0,0,3,False,63.980000000000004,586.9,279
102,0,0,0,3,False,58.11,560.2,363
95,0,0,0,2,False,58.36,607.9,304
102,0,0,0,2,False,53.040000000000006,512.6,244
89,0,1,25,1,False,63.5,585.2,336
50,0,0,0,1,False,71.58,551.5,295
93,0,1,42,7,False,63.68999999999999,698.0,327
68,0,0,0,1,False,61.56,561.0,362
70,0,0,0,2,False,69.27,674.7,305
138,0,1,29,0,False,66.65,683.7,346
141,0,1,37,4,False,58.67,590.2,325
112,0,1,17,0,False,62.29999999999999,602.4000000000001,318
117,1,0,0,1,True,45.03000000000001,537.8000000000001,270
1,0,1,26,1,False,61.28,578.8000000000001,381
70,0,0,0,1,False,60.449999999999996,568.5000000000001,306
87,0,1,22,2,False,59.42,548.4000000000001,326
52,0,1,21,2,False,50.81,464.59999999999997,311
97,0,0,0,0,True,76.84,717.4,265
105,0,0,0,2,False,58.519999999999996,601.7,257
77,0,1,28,4,True,56.33,599.4,296
80,1,0,0,2,True,66.97999999999999,695.1999999999999,333
120,0,1,43,1,False,55.489999999999995,525.8,308
54,0,1,39,2,False,51.53000000000001,495.90000000000003,315
148,1,0,0,2,False,49.96000000000001,513.8,326
119,0,0,0,2,True,75.86,677.1,301
162,0,1,26,1,True,61.15,619.3999999999999,386
85,0,0,0,5,True,53.760000000000005,510.7,356
101,0,1,25,1,False,53.47,566.2,359
172,0,0,0,0,False,62.400000000000006,653.1,275
80,0,0,0,1,False,61.89000000000001,644.2,327
67,0,0,0,2,False,37.69,353.5,301
86,0,0,0,1,False,63.74,622.6,263
107,0,0,0,1,True,76.58999999999999,769.8000000000001,333
133,0,0,0,0,False,72.33999999999999,633.4000000000001,302
116,0,0,0,0,False,63.510000000000005,673.6,325
63,0,0,0,0,False,70.23,694.1,299
119,1,1,16,0,True,48.989999999999995,498.99999999999994,321
133,1,0,0,0,True,74.91,693.0,289
94,1,0,0,1,False,59.35,561.3000000000001,289
69,0,0,0,0,False,67.65,671.8000000000001,243
146,0,0,0,7,True,50.150000000000006,494.09999999999997,317
119,0,0,0,2,True,47.48,557.7,315
142,1,1,25,0,False,58.11,578.3,292
123,0,0,0,3,False,65.36,637.0,263
101,0,0,0,1,True,80.01,803.7,363
43,0,0,0,0,False,64.36,667.5,342
69,0,0,0,0,False,62.57000000000001,653.5,291
15,1,0,0,2,False,51.32,596.9,247
107,0,1,25,1,False,64.38,574.2,290
67,0,0,0,2,False,57.04,595.1999999999999,345
99,0,0,0,1,False,55.629999999999995,569.4,282
46,0,0,0,1,False,57.4,604.6,389
55,1,0,0,1,False,64.84,631.5,333
39,0,0,0,1,True,82.26,743.4,368
92,0,0,0,2,False,50.25,525.7,383
56,0,0,0,4,True,55.76,581.6999999999999,293
76,0,0,0,0,True,79.13,752.3000000000001,299
132,1,1,33,2,False,65.74000000000001,638.6,236
140,0,1,28,1,False,52.66,525.1,277
51,1,1,12,2,False,52.12,541.0999999999999,299
27,0,0,0,1,False,70.79,646.0,293
224,0,0,0,3,False,45.080000000000005,509.09999999999997,311
105,1,1,28,0,True,47.16,445.59999999999997,301
117,0,0,0,2,False,63.59,570.6999999999999,271
91,0,0,0,1,True,48.5,475.90000000000003,341
135,0,0,0,4,False,64.48,557.6999999999999,270
146,0,0,0,3,False,63.14,661.0999999999999,263
147,1,0,0,0,True,63.11,563.1999999999999,356
68,0,0,0,2,True,78.80000000000001,786.4999999999999,349
68,0,0,0,3,False,48.300000000000004,535.1000000000001,310
86,0,1,21,0,False,59.809999999999995,581.6,328
131,0,0,0,1,False,60.42,643.8,334
86,0,1,29,1,False,70.35000000000001,706.5,306
159,0,0,0,2,True,75.08,696.6,309
134,0,1,40,1,False,47.790000000000006,532.3,268
113,0,0,0,1,False,69.14,684.1,281
132,0,0,0,1,False,64.58,623.8,346
85,0,0,0,1,False,65.38,638.9000000000001,231
93,1,1,38,1,True,61.01,552.5,371
174,0,1,33,4,True,55.75000000000001,517.6,318
61,0,0,0,2,False,58.39,577.9,310
91,0,1,39,1,False,43.85,390.29999999999995,317
88,0,1,28,2,False,64.74000000000001,649.3,326
88,0,1,45,2,False,44.050000000000004,555.5999999999999,367
195,0,1,36,0,False,70.86999999999999,670.6,289
182,0,0,0,0,False,44.63999999999999,562.5999999999999,323
118,0,0,0,4,False,62.69,634.5000000000001,231
103,0,0,0,8,True,52.730000000000004,551.3,363
65,0,0,0,2,False,54.42,524.4,283
61,0,1,25,3,False,46.15,420.9,311
172,0,0,0,1,False,68.22000000000001,718.5999999999999,346
72,0,0,0,1,False,55.21,562.5,322
113,0,0,0,2,False,57.5,627.9,313
177,0,0,0,1,False,61.21,605.9000000000001,330
100,0,0,0,6,True,43.33,526.7,322
67,0,0,0,1,False,64.82,629.3000000000001,309
136,0,0,0,3,False,43.2,450.09999999999997,329
71,0,0,0,4,False,65.54,577.3000000000001,346
134,0,0,0,1,False,71.72,725.4,362
124,0,0,0,1,False,63.379999999999995,732.9,304
84,0,0,0,2,False,62.919999999999995,645.1999999999999,351
39,0,0,0,2,False,55.04,564.3,312
110,0,0,0,3,False,50.54,444.1,312
102,0,0,0,1,False,50.28,530.4000000000001,296
70,0,0,0,0,False,58.24,607.1,360
142,0,0,0,1,False,55.059999999999995,579.4,288
81,1,0,0,1,False,66.09,566.5999999999999,271
17,0,0,0,1,False,62.17,699.3000000000001,315
119,0,0,0,1,True,79.03,755.7,260
105,0,0,0,0,True,84.92999999999999,794.3,332
108,1,1,42,3,True,51.0,555.4,303
90,0,0,0,2,False,38.54,415.29999999999995,360
100,0,1,33,1,False,58.09,484.8,369
155,0,1,30,1,False,51.150000000000006,578.0999999999999,268
113,0,0,0,2,True,51.669999999999995,543.1,306
123,0,0,0,1,False,56.7,593.8,273
145,0,0,0,1,False,59.629999999999995,622.0,348
42,0,0,0,2,False,63.35,673.0,285
125,0,0,0,0,False,57.480000000000004,598.4,305
131,0,1,30,1,False,58.660000000000004,604.2,292
107,0,0,0,1,False,68.17999999999999,603.5999999999999,236
48,0,0,0,1,False,58.9,552.5,266
76,0,0,0,0,False,62.17,636.3,300
128,0,0,0,1,False,59.230000000000004,653.5,327
73,0,0,0,0,False,60.43000000000001,617.4,291
52,0,0,0,4,True,47.5,471.5,302
126,1,1,26,1,False,46.52000000000001,469.90000000000003,346
124,0,0,0,1,False,58.989999999999995,594.8000000000001,333
137,0,0,0,0,False,67.62,666.8000000000001,355
71,0,0,0,0,True,76.00999999999999,721.4,320
139,0,0,0,0,False,63.720000000000006,617.5,285
107,0,1,30,3,False,62.0,578.3000000000001,257
147,0,0,0,1,False,63.31,583.3,285
116,0,0,0,3,False,42.77,400.09999999999997,286
60,0,1,31,2,False,67.85,672.9,275
38,0,0,0,0,False,40.61,375.4,274
63,0,0,0,3,False,51.42999999999999,540.0,296
94,0,0,0,3,False,53.07000000000001,612.4,326
131,0,0,0,0,False,45.279999999999994,465.0,359
158,0,0,0,1,False,57.349999999999994,563.5,297
139,0,0,0,1,True,67.21,629.9,336
77,0,0,0,1,False,55.6,590.6,342
140,0,0,0,3,False,53.24,557.3,312
72,0,0,0,1,False,55.8,543.9,302
52,0,1,20,1,False,54.24,603.8,295
103,0,0,0,5,False,59.51,601.9000000000001,320
74,0,1,32,1,False,69.07000000000001,728.9000000000001,318
124,0,0,0,2,False,56.83,555.4000000000001,279
85,0,1,21,5,False,76.94000000000001,678.6999999999999,299
113,0,1,20,5,True,55.13,599.5,241
71,0,0,0,2,False,46.27,468.69999999999993,296
177,0,1,27,1,False,68.30000000000001,652.0999999999999,294
49,1,0,0,2,True,69.94999999999999,630.1,303
106,1,0,0,3,True,59.97,549.8,250
60,0,0,0,1,False,63.89,609.8,247
43,0,0,0,4,False,59.800000000000004,646.6,299
66,0,0,0,1,False,52.23,585.8,359
125,0,0,0,0,False,62.5,628.0,257
114,0,1,4,3,False,56.209999999999994,604.8000000000001,272
112,0,0,0,3,True,77.13999999999999,674.1,312
101,0,1,16,2,False,49.93000000000001,535.5000000000001,325
70,0,0,0,0,False,23.25,313.0,273
59,0,0,0,0,False,50.32,475.49999999999994,329
59,0,0,0,1,False,54.14000000000001,560.5,298
124,0,1,30,2,False,60.300000000000004,645.3,225
99,0,0,0,2,False,55.550000000000004,593.9,315
150,0,0,0,1,False,58.66,578.0,316
81,0,0,0,2,False,60.489999999999995,560.8000000000001,267
86,0,0,0,0,False,70.26,701.1,286
84,0,0,0,0,False,49.5,435.90000000000003,267
118,0,1,35,1,False,78.37,741.6000000000001,341
89,0,0,0,1,False,66.42,672.4,343
93,0,0,0,3,False,67.28,575.0000000000001,273
85,0,0,0,2,False,43.26,471.9,283
160,0,0,0,0,False,40.69,447.2,274
28,0,0,0,3,False,53.71999999999999,532.4,294
73,0,0,0,1,True,76.36999999999999,689.5,342
156,0,0,0,3,False,60.58999999999999,631.9999999999999,333
33,1,0,0,1,False,58.199999999999996,555.1999999999999,346
77,0,0,0,4,False,63.11,643.5999999999999,267
119,0,0,0,1,False,51.93,546.0,283
91,0,1,27,3,False,57.59,557.7,273
102,0,0,0,3,False,71.14,670.1,304
86,0,1,33,3,False,68.36999999999999,570.1,308
82,0,0,0,0,False,48.13,502.3,307
89,0,0,0,0,False,45.24,479.09999999999997,367
86,0,0,0,3,False,60.629999999999995,589.3,323
134,0,0,0,1,False,50.63,474.1,310
92,0,0,0,2,False,59.81999999999999,560.5,272
87,0,0,0,3,False,57.940000000000005,553.6,283
64,0,0,0,0,False,67.37,569.0,290
80,0,0,0,3,False,66.99000000000001,649.2,302
165,0,1,39,3,False,54.38,542.2,324
153,0,1,22,1,False,60.7,625.9,323
41,0,1,30,1,False,58.72,545.2,292
108,0,0,0,2,False,71.57000000000001,692.7,271
104,0,1,26,1,False,59.269999999999996,577.6999999999999,317
115,0,0,0,1,False,47.900000000000006,494.1,256
87,0,0,0,1,False,55.49,507.59999999999997,306
159,0,1,23,2,False,55.209999999999994,544.4,275
119,0,0,0,2,False,54.49,542.4,364
69,0,0,0,1,False,57.95,617.9,334
87,1,1,36,1,False,58.050000000000004,595.4,340
93,0,0,0,1,True,84.67999999999999,792.0,312
154,1,0,0,0,True,54.53,549.4,326
57,0,1,37,1,False,68.14,647.3,309
130,0,0,0,5,False,56.96,603.6999999999999,314
151,0,0,0,2,False,56.2,605.2,264
162,0,0,0,2,True,74.8,757.6999999999999,227
60,0,0,0,1,False,61.14,697.2,339
81,0,0,0,3,False,71.14999999999999,714.7,232
132,0,0,0,3,False,64.31,561.9,334
86,0,0,0,1,False,43.620000000000005,489.3,333
136,0,0,0,1,True,79.64,766.2,321
121,0,1,21,1,False,50.81,539.0,317
105,0,1,15,2,False,44.699999999999996,543.6,353
105,0,1,34,2,False,63.339999999999996,576.1999999999999,242
51,0,1,26,1,False,73.82,692.5,257
64,0,0,0,3,False,46.55,486.19999999999993,314
80,1,1,30,0,False,57.83,574.5,365
56,0,0,0,4,False,69.66,615.1,320
120,0,0,0,1,False,56.019999999999996,602.8,310
103,0,0,0,3,False,63.65,619.5,337
164,0,1,27,3,False,55.07000000000001,582.2,351
116,0,1,27,2,False,64.07,634.0,278
121,0,0,0,1,False,59.53,585.8,301
55,1,0,0,1,False,72.49,668.5,316
183,0,0,0,2,False,50.27,554.5,322
104,0,0,0,0,False,72.9,613.9,368
90,0,0,0,1,False,49.33,481.20000000000005,327
82,0,0,0,1,False,54.5,480.9,290
101,0,0,0,3,False,54.379999999999995,567.3,325
9,0,1,16,2,False,43.65,507.5,294
97,0,0,0,0,False,73.06,749.6,263
94,0,0,0,3,True,76.22,729.5,311
127,0,1,25,0,False,69.44999999999999,703.3,276
125,0,1,34,0,False,72.59000000000002,618.4999999999999,325
140,0,0,0,1,False,62.68000000000001,659.5999999999999,330
90,0,0,0,2,False,44.419999999999995,505.30000000000007,390
67,0,0,0,2,False,54.31,589.4000000000001,259
113,0,0,0,1,False,61.74999999999999,583.7,249
121,0,1,26,0,False,64.56,659.6,308
93,0,0,0,4,False,57.019999999999996,555.1999999999999,276
121,0,0,0,1,False,50.6,444.8,278
53,0,0,0,0,True,76.29,697.8,338
75,0,0,0,1,False,58.4,544.4,284
132,0,0,0,2,False,69.74,746.4000000000001,320
162,0,0,0,3,False,48.529999999999994,451.9,347
140,0,0,0,1,False,61.29,645.8,342
91,0,0,0,2,False,58.58,632.1,340
73,0,1,28,2,False,56.85,545.1999999999999,370
95,1,0,0,4,True,72.73,702.7,327
145,0,0,0,0,False,68.66000000000001,668.2,363
100,0,0,0,1,False,42.46999999999999,401.29999999999995,274
122,0,0,0,2,False,71.04,684.8,320
109,0,0,0,0,False,73.42999999999999,748.9,265
82,0,0,0,1,False,49.87,546.1,323
65,0,1,23,0,False,66.91000000000001,646.3999999999999,285
52,0,0,0,3,False,49.89,493.8,272
136,0,1,24,2,False,56.72,574.4,286
75,0,0,0,1,False,49.269999999999996,518.4,306
146,0,0,0,1,False,54.79,615.7,249
105,0,0,0,4,False,58.31,600.6,316
48,0,0,0,2,False,63.48000000000001,574.4,284
45,0,0,0,1,False,64.38,696.3000000000001,300
106,0,1,37,2,False,67.14,609.3000000000001,298
33,0,0,0,2,False,59.50000000000001,571.3,245
68,0,0,0,2,False,61.5,577.1999999999999,346
106,0,0,0,0,False,64.58,621.0999999999999,258
141,0,0,0,0,False,56.92999999999999,536.1,286
98,0,0,0,0,False,66.75,592.5,340
94,0,1,28,0,False,58.93000000000001,480.6,265
65,0,0,0,2,False,54.18999999999999,546.4,276
85,0,0,0,1,False,55.74,594.9999999999999,337
71,0,0,0,3,True,85.52999999999999,817.6999999999999,331
112,0,1,30,0,False,33.97,372.6,315
110,0,0,0,0,False,52.83,555.1,305
111,0,0,0,2,False,71.81,655.1,299
74,0,0,0,2,True,80.07,723.8000000000001,304
105,0,0,0,2,False,46.02,472.29999999999995,271
40,0,0,0,0,False,70.55000000000001,639.0,272
128,1,1,18,0,True,64.92999999999999,615.1,302
123,0,0,0,2,True,76.38000000000001,747.1999999999999,306
122,0,0,0,0,False,52.739999999999995,535.2,252
114,0,1,19,3,False,57.42,568.8000000000001,322
102,0,1,25,2,False,49.599999999999994,512.5,282
126,0,0,0,0,False,47.14,574.4,267
150,0,0,0,4,True,51.559999999999995,519.3000000000001,273
60,0,0,0,2,True,85.09,799.9000000000001,296
123,0,0,0,3,False,70.28,621.0,284
138,1,0,0,0,True,62.910000000000004,620.3000000000001,324
29,0,0,0,1,False,54.51,484.8,236
111,0,0,0,4,False,63.11000000000001,581.5,334
37,1,0,0,0,True,57.79,592.0999999999999,306
111,0,0,0,0,True,76.63,735.6,297
81,0,0,0,1,False,58.69,614.2,260
46,0,0,0,1,False,48.87,525.8000000000001,298
69,0,1,27,0,False,83.32999999999998,803.6999999999999,272
125,0,0,0,1,False,42.28999999999999,464.3,280
43,0,0,0,3,False,33.74,478.09999999999997,313
127,0,1,27,1,False,55.45,625.1999999999999,253
94,0,0,0,1,False,71.43,698.0,314
46,0,0,0,3,False,63.71,630.4000000000001,276
73,0,1,26,2,False,44.08,469.59999999999997,297
146,0,1,23,2,False,61.02,690.3,359
93,0,0,0,1,False,72.7,671.1,291
52,0,1,31,1,False,54.94,599.5,266
202,0,0,0,3,False,44.79,485.8,323
129,0,1,31,2,False,63.59,625.6999999999999,285
94,0,0,0,1,False,69.19,700.4,239
100,0,0,0,0,False,55.85,543.2,352
43,0,0,0,1,False,69.66999999999999,680.1999999999999,298
130,0,0,0,0,False,63.51,591.5999999999999,309
124,0,0,0,3,False,64.02,663.9,342
92,1,0,0,3,True,76.53999999999999,755.9000000000001,332
48,0,0,0,4,False,59.79,592.0,276
98,0,1,29,2,False,50.349999999999994,583.7,317
100,0,0,0,1,True,44.25000000000001,465.6,328
79,0,0,0,3,False,48.62,479.50000000000006,304
164,0,0,0,1,False,46.309999999999995,471.90000000000003,243
105,0,0,0,1,False,64.64,681.3999999999999,309
89,1,0,0,0,False,59.37,541.1999999999999,329
126,0,0,0,3,True,75.67000000000002,691.2,300
96,0,0,0,1,False,56.53,606.4,273
120,0,1,33,0,False,74.53999999999999,621.1999999999999,260
212,0,0,0,2,True,75.86000000000001,724.4,346
72,0,0,0,2,False,50.5,564.4,316
155,1,1,26,1,False,57.42,508.7,336
89,0,0,0,2,False,39.660000000000004,424.7,285
126,1,0,0,2,False,70.76,741.9000000000001,350
172,0,0,0,2,True,78.52999999999999,707.1,322
75,0,0,0,3,False,67.12,640.1999999999999,304
143,0,0,0,2,False,56.62,557.6,333
166,1,0,0,0,True,44.72,560.5,284
132,0,0,0,1,False,63.910000000000004,665.0999999999999,328
94,1,0,0,1,True,54.02,610.1999999999999,277
99,0,0,0,0,False,56.260000000000005,545.2,256
136,0,1,35,1,False,71.81,725.1,313
119,0,0,0,1,False,73.53999999999999,716.8,307
115,1,0,0,3,True,72.17,632.0,278
160,0,0,0,2,False,61.32999999999999,605.9,319
166,0,0,0,2,False,64.22,598.4000000000001,289
120,0,0,0,1,False,52.81,584.0,317
173,0,0,0,1,False,54.56,479.5,354
156,0,0,0,0,False,60.040000000000006,621.0,269
70,0,0,0,0,False,63.76,668.6,305
41,0,0,0,1,False,60.11,607.8,318
132,0,0,0,0,False,64.27000000000001,607.4000000000001,262
47,1,0,0,0,True,33.800000000000004,392.59999999999997,346
160,0,0,0,1,False,37.86,372.09999999999997,291
180,0,0,0,3,False,50.739999999999995,516.5,319
93,0,0,0,2,False,58.339999999999996,612.5,262
109,0,0,0,2,False,61.8,637.9,279
80,0,0,0,0,False,47.730000000000004,509.29999999999995,310
54,0,1,24,2,False,39.7,396.3,308
121,0,0,0,2,False,52.0,562.0,339
157,0,1,29,1,False,67.47999999999999,632.6,333
170,0,1,37,0,False,65.36,676.9,330
138,0,0,0,3,False,60.790000000000006,621.0,347
92,0,1,31,1,False,65.38,678.5,302
126,0,0,0,1,False,57.29,545.0,305
41,0,0,0,3,True,80.39,796.6,283
167,0,0,0,4,True,56.580000000000005,571.4,300
91,0,0,0,2,False,60.83,687.6999999999999,314
127,0,0,0,3,False,41.29,444.9,316
88,0,1,27,1,False,48.74,545.3,303
113,0,0,0,1,False,37.54,404.0,313
78,0,0,0,2,False,57.04,588.4,281
123,0,0,0,2,False,72.89,668.1999999999999,269
136,1,1,29,2,False,47.45,568.2,290
68,0,1,34,1,False,53.89999999999999,558.9,302
132,0,1,10,0,False,65.45,629.0999999999999,242
133,0,0,0,2,False,65.12,633.5,296
127,0,0,0,0,False,65.37,547.6999999999999,348
110,0,0,0,2,False,69.16,669.3,253
121,0,0,0,1,False,52.48000000000001,522.3,287
116,0,0,0,2,False,43.06,477.4,362
112,1,1,16,1,False,60.47,559.6,258
97,1,0,0,4,True,63.43,690.1,318
43,0,0,0,2,False,46.96,459.90000000000003,377
110,0,0,0,3,False,51.07,534.5,352
67,0,0,0,1,False,59.73,575.3000000000001,366
166,0,0,0,0,False,47.71,480.90000000000003,331
129,0,0,0,1,False,58.870000000000005,616.1999999999999,324
103,1,0,0,3,False,50.42,480.90000000000003,273
71,0,0,0,0,True,78.22,736.0,268
112,0,1,27,4,False,66.97999999999999,640.1,324
8,0,1,36,1,False,65.1,595.9,268
98,0,0,0,0,True,74.92999999999999,730.0999999999999,267
90,0,0,0,1,False,64.44,624.9000000000001,355
13,0,0,0,0,True,79.38,712.8,302
58,0,0,0,2,False,67.86,619.0,282
137,0,1,22,2,False,58.60999999999999,559.6,310
116,0,0,0,5,True,56.629999999999995,611.4,303
94,0,1,28,3,False,39.44,456.0,283
87,0,0,0,3,False,62.64,635.5000000000001,271
120,0,0,0,2,False,59.53,573.4000000000001,265
97,0,1,24,0,False,58.870000000000005,616.7,293
134,0,0,0,6,False,57.38999999999999,524.5999999999999,301
68,0,0,0,2,False,49.72,509.0,234
93,0,0,0,1,False,61.190000000000005,633.4,251
120,0,0,0,1,False,51.08999999999999,512.7,323
41,0,0,0,2,False,71.96,688.9000000000001,343
80,0,0,0,2,False,62.01,581.9,260
83,0,1,25,2,False,69.8,709.0,322
109,1,0,0,2,False,60.459999999999994,541.3,348
66,0,1,33,3,False,34.11,378.2,314
104,0,0,0,0,False,44.87,526.8000000000001,283
89,0,0,0,1,False,54.29,597.2,289
127,0,0,0,2,False,63.78000000000001,579.4,299
117,0,1,13,1,False,61.37,602.8,240
128,0,0,0,2,False,69.65,623.8000000000001,348
88,0,0,0,4,True,56.34,595.5,287
61,0,0,0,1,True,75.78999999999999,695.4,345
22,0,0,0,2,False,59.6,596.3,355
78,0,0,0,0,False,52.91000000000001,521.1999999999999,293
56,0,1,29,1,False,30.18,413.29999999999995,330
192,0,0,0,2,False,63.21,633.6999999999999,294
70,0,0,0,2,False,52.269999999999996,532.1,324
148,0,0,0,1,False,70.72,678.5,276
65,0,1,29,2,False,58.550000000000004,514.5,302
119,0,0,0,1,False,52.44,546.1999999999999,255
80,0,0,0,0,False,63.15,611.6,312
152,0,1,20,5,False,74.08000000000001,729.6999999999999,349
113,0,0,0,3,False,41.92,444.4,253
75,0,0,0,1,False,68.61999999999999,719.3,381
80,0,0,0,1,False,53.53000000000001,462.5,273
148,0,0,0,1,False,28.73,393.0,334
63,1,0,0,1,False,41.99999999999999,533.6999999999999,289
97,0,1,28,1,False,53.67,535.8000000000001,248
166,0,0,0,0,False,47.519999999999996,460.2,321
94,0,0,0,1,False,60.84,615.1999999999999,312
85,0,1,33,1,False,68.80000000000001,676.2,278
80,1,0,0,1,True,75.03999999999999,689.6000000000001,282
210,0,1,31,3,False,77.30000000000001,664.3000000000001,294
88,1,1,25,1,False,80.13000000000001,733.3,310
100,0,0,0,4,False,72.10000000000001,676.7,237
154,0,1,35,1,False,37.44,415.20000000000005,243
32,0,1,26,1,False,71.76,662.6,403
18,0,0,0,3,False,62.24,611.4000000000001,312
126,0,1,31,0,False,81.16999999999999,763.1000000000001,271
144,0,1,37,1,False,64.29,570.5,294
29,0,0,0,2,True,84.91999999999999,760.6999999999999,364
86,0,1,16,0,False,53.75999999999999,563.5,306
138,0,1,37,0,False,37.18,420.2,358
146,0,0,0,3,False,69.68,740.2,266
175,0,0,0,1,False,58.540000000000006,685.3,287
74,0,0,0,2,False,58.59,666.0,303
48,0,0,0,2,False,51.06999999999999,478.0,329
74,0,1,31,4,False,71.00999999999999,649.4,206
105,1,0,0,0,False,64.28,626.5,355
157,0,0,0,3,False,55.59,555.4,209
217,0,0,0,0,False,57.870000000000005,655.0999999999999,325
68,0,0,0,1,False,65.61,695.1,225
80,0,0,0,1,False,48.26,545.5,333
38,0,1,25,2,False,60.190000000000005,596.1,338
107,0,1,38,0,False,67.33999999999999,704.9,233
140,0,0,0,3,False,57.98,620.7,239
98,0,0,0,5,True,55.39000000000001,469.3,325
114,0,0,0,2,False,53.559999999999995,544.8000000000001,300
46,0,0,0,1,False,55.75,580.3999999999999,302
118,0,1,42,0,False,54.49,597.0,322
37,0,0,0,3,False,70.13,632.9,309
34,0,0,0,0,False,56.050000000000004,550.5999999999999,328
98,1,1,23,1,False,77.82000000000001,733.0,234
113,0,0,0,3,True,75.87,720.2,365
69,0,0,0,0,False,64.88,627.1,229
121,0,0,0,2,False,49.39999999999999,499.29999999999995,357
59,1,1,31,1,False,67.17,652.1,239
59,0,0,0,0,False,54.03,533.6,352
190,0,0,0,0,False,46.29,440.70000000000005,313
109,0,0,0,1,False,61.76,622.2,283
136,0,0,0,2,False,47.379999999999995,536.9,308
86,0,0,0,1,False,38.42,409.9,299
100,0,1,27,0,False,68.58999999999999,658.5,265
106,0,0,0,0,False,63.1,668.6999999999999,280
104,0,0,0,2,False,54.67,568.0,292
129,0,0,0,2,False,57.86000000000001,606.2,292
205,0,0,0,2,False,32.489999999999995,398.9,275
93,0,1,32,0,False,48.34,488.0,338
123,0,0,0,3,False,50.800000000000004,576.9,287
99,0,0,0,1,False,70.31,684.1,311
61,0,1,33,3,False,75.1,683.9999999999999,274
71,0,0,0,1,False,61.26,571.3000000000001,272
4,1,0,0,0,False,62.18999999999999,664.1,268
148,0,1,25,3,False,72.45000000000002,693.8,303
141,0,0,0,1,False,62.96,708.6999999999999,329
56,0,0,0,0,False,57.949999999999996,661.6,267
160,0,0,0,3,False,67.92,574.0,257
43,0,1,35,3,False,67.25,663.4,294
42,0,0,0,2,False,53.150000000000006,508.2,270
135,1,0,0,1,False,50.300000000000004,478.0,310
106,0,0,0,3,False,59.55,534.3,253
106,0,0,0,0,False,62.959999999999994,610.5,305
83,0,1,30,3,False,78.33,715.0,317
110,0,0,0,1,False,51.05,518.3,331
153,0,0,0,1,False,69.38,800.8,231
109,0,1,35,5,False,76.78,776.6,321
31,0,0,0,1,False,56.72,579.0,257
124,0,0,0,4,True,55.72,596.0999999999999,324
110,0,0,0,2,True,79.69000000000001,757.8,357
124,0,0,0,0,False,68.08000000000001,633.9,333
82,0,0,0,6,True,50.58,495.69999999999993,255
122,0,0,0,1,False,49.45,511.5,280
137,0,0,0,1,False,50.08,555.6999999999999,360
69,0,0,0,1,False,54.92,579.7,329
46,0,1,34,1,False,71.86999999999999,707.9000000000001,332
103,0,0,0,1,False,54.83,548.7,287
16,0,0,0,2,False,51.27,549.4000000000001,304
119,0,0,0,3,False,40.57,446.4,274
124,1,0,0,3,True,54.39,539.7,269
122,0,1,37,1,False,66.42999999999999,687.4,315
139,0,0,0,4,False,68.38,675.3999999999999,307
67,0,0,0,2,False,51.51,563.2,299
84,0,0,0,1,False,43.62,454.19999999999993,282
101,0,1,17,0,False,61.32,592.6,256
40,0,0,0,0,False,53.78000000000001,638.1,339
61,0,0,0,2,False,57.52,566.0,329
120,1,0,0,1,True,57.339999999999996,554.3,261
95,0,0,0,1,False,62.03000000000001,578.1000000000001,314
98,0,0,0,0,False,69.99,632.5,282
114,0,0,0,2,False,51.6,520.6,302
68,1,1,29,1,True,60.66,584.6,303
149,0,1,20,2,False,75.69,695.6999999999999,317
22,0,0,0,0,False,66.52,666.1,308
176,0,0,0,0,False,43.32,347.7,338
152,0,0,0,2,False,56.660000000000004,615.0,313
118,0,0,0,0,False,57.7,571.1999999999999,229
101,1,0,0,1,False,53.980000000000004,574.8000000000001,225
102,0,0,0,2,True,77.09,701.1,303
118,0,0,0,2,False,72.86999999999999,732.0,327
105,0,0,0,2,True,84.85,838.4,332
153,0,0,0,1,True,61.220000000000006,621.8000000000001,321
71,0,0,0,0,False,43.32,425.70000000000005,348
71,0,1,31,1,False,52.440000000000005,585.8000000000001,274
68,0,0,0,2,False,64.56,593.3,319
66,0,0,0,3,False,38.93000000000001,404.0,269
101,0,0,0,3,False,65.04,634.7,374
116,0,0,0,0,False,48.66,515.5,253
54,0,1,33,0,False,61.35,602.4000000000001,211
112,0,1,29,1,False,70.22,738.4,310
122,0,1,45,1,False,50.599999999999994,512.7,293
74,0,0,0,3,False,70.75,633.7,305
90,0,0,0,1,False,65.26,585.2,277
112,0,0,0,4,True,53.669999999999995,538.9,342
85,0,0,0,4,False,57.190000000000005,561.8000000000001,310
100,0,0,0,1,False,66.85,682.9000000000001,273
114,0,0,0,2,False,57.43,566.4,311
83,0,0,0,0,False,69.99,647.3,316
157,1,0,0,0,False,59.660000000000004,610.1,314
51,0,0,0,2,False,41.43000000000001,519.9,333
42,0,0,0,1,True,79.58999999999999,688.9999999999999,239
101,0,1,36,1,True,50.7,585.5999999999999,362
112,0,0,0,3,False,58.74,523.6,324
56,0,0,0,2,False,59.41,597.0999999999999,304
53,0,0,0,9,True,63.099999999999994,598.6999999999999,366
64,0,1,22,1,False,57.64,569.8000000000001,236
123,0,0,0,0,False,47.16,402.2,360
68,0,1,30,2,False,52.31,565.5,330
40,1,0,0,0,False,71.43,705.6999999999999,303
132,0,0,0,0,False,72.46,720.9999999999999,266
120,1,0,0,2,True,59.93000000000001,569.6999999999999,292
108,0,1,32,6,True,55.94,517.9,323
161,0,0,0,1,True,84.1,785.4,346
130,0,0,0,0,True,62.82,583.3000000000001,348
122,0,0,0,0,False,62.51,670.7,309
130,0,1,19,2,False,56.27,582.2,306
90,0,0,0,1,False,57.9,644.1,351
139,0,1,25,0,False,39.97,390.90000000000003,266
57,0,0,0,3,False,60.06,597.3000000000001,349
128,0,0,0,4,False,67.72,706.5999999999999,272
127,1,0,0,2,False,64.6,598.6,292
107,0,0,0,1,True,76.74000000000001,649.0,241
177,0,0,0,1,False,54.199999999999996,521.6,271
121,0,0,0,1,False,50.910000000000004,449.9,281
99,1,1,39,0,False,56.62,602.9,304
126,1,0,0,1,True,76.03,716.3,293
77,0,1,33,5,True,51.199999999999996,475.40000000000003,327
21,0,0,0,2,False,43.71999999999999,475.0,352
56,0,0,0,1,False,61.71,552.2,236
92,0,1,29,1,True,59.11,541.3,364
81,0,0,0,2,False,59.879999999999995,624.4000000000001,315
139,1,1,31,1,True,64.88000000000001,631.1999999999999,272
68,0,0,0,1,False,65.04,610.8000000000001,288
183,0,1,8,2,False,49.42,560.8000000000001,351
90,0,0,0,0,False,45.07,445.6,355
165,0,0,0,1,False,60.419999999999995,617.3,268
89,0,0,0,1,True,78.86,661.8,320
59,0,0,0,0,False,67.71,712.5999999999999,265
16,1,0,0,0,False,41.519999999999996,454.2,246
114,0,0,0,5,True,53.550000000000004,593.0,339
113,0,0,0,2,False,59.449999999999996,600.0,341
120,0,0,0,2,False,41.67,440.9,284
115,0,0,0,0,False,63.58,636.9,288
37,0,0,0,2,True,74.74000000000001,717.5,300
100,1,0,0,2,True,52.550000000000004,505.80000000000007,293
132,0,0,0,4,True,55.93000000000001,519.9000000000001,282
38,0,1,36,2,False,46.160000000000004,481.5,266
1,0,0,0,0,False,45.419999999999995,436.9,273
97,0,1,15,1,False,45.489999999999995,477.69999999999993,339
55,0,1,28,2,False,45.44,498.8,288
75,0,0,0,1,False,54.10999999999999,615.6,356
83,0,0,0,2,False,57.160000000000004,600.1,278
40,0,0,0,6,True,44.349999999999994,515.1999999999999,298
101,0,1,21,2,False,71.47,690.6,272
120,0,1,40,0,False,56.03,591.1,301
183,0,1,31,1,False,57.150000000000006,571.5,267
75,0,0,0,4,True,52.349999999999994,563.6999999999999,330
80,0,0,0,2,False,65.89999999999999,608.2,330
88,0,0,0,0,False,41.059999999999995,485.90000000000003,324
112,0,1,23,1,False,87.03,806.1,288
63,0,0,0,1,False,65.67,612.5,341
105,0,1,31,4,True,56.51,688.3999999999999,332
92,0,0,0,2,False,65.73,642.5,310
177,0,0,0,1,False,57.09,557.8,324
118,0,0,0,0,False,60.400000000000006,573.1,373
111,0,1,13,1,False,55.82,544.2,300
82,0,1,34,3,False,66.73,677.2,316
74,0,0,0,0,False,41.58,451.1,308
121,0,1,31,5,False,76.81,679.2000000000002,335
131,0,0,0,1,False,60.51,560.8000000000001,309
125,0,0,0,2,False,54.660000000000004,547.7,340
19,0,0,0,1,False,58.64999999999999,564.1999999999999,335
138,0,0,0,3,False,60.55,498.2,305
119,0,0,0,3,False,69.27999999999999,661.5,335
137,0,0,0,1,False,52.980000000000004,608.0,315
182,0,0,0,2,True,75.52000000000001,667.6,336
135,0,0,0,1,False,54.940000000000005,473.29999999999995,291
134,0,1,38,1,False,64.57,601.1,237
45,0,0,0,1,False,50.279999999999994,582.3,333
129,0,0,0,1,False,47.42,515.2,374
142,0,0,0,4,False,66.93,627.8,308
130,0,1,45,1,False,61.35999999999999,624.5,284
163,0,1,23,1,False,73.53999999999999,760.1999999999999,323
105,0,0,0,4,False,64.85,624.0,268
119,0,0,0,2,False,45.02,512.1,283
78,0,0,0,0,False,64.27,599.5999999999999,330
92,0,0,0,2,False,55.449999999999996,527.8,310
146,0,1,11,2,False,58.629999999999995,596.0,265
125,0,1,32,1,False,39.19,426.1,302
88,0,0,0,3,False,56.65,556.0999999999999,266
83,0,1,38,0,False,44.519999999999996,512.4,265
3,1,0,0,1,False,58.41,594.4000000000001,287
152,1,1,41,1,True,60.01,650.3,306
48,0,0,0,3,False,50.27,517.3,366
189,0,0,0,3,False,63.699999999999996,604.0,331
95,0,1,23,0,False,55.050000000000004,561.2,313
129,0,0,0,1,True,51.900000000000006,519.0,331
66,0,1,40,0,False,60.059999999999995,659.8,251
80,0,1,22,0,False,56.61,532.2,300
1,0,0,0,1,False,54.47,562.6999999999999,265
84,0,0,0,1,False,52.769999999999996,562.9,278
96,0,0,0,1,False,65.66999999999999,675.1999999999999,314
123,0,1,34,1,False,81.34,754.9000000000001,277
116,1,1,29,3,True,63.16,646.0,303
105,1,0,0,3,False,64.53,704.8,301
80,0,0,0,1,False,61.58,579.3,346
157,0,0,0,2,False,67.8,652.4000000000001,243
67,0,1,30,2,False,66.89,650.1,309
141,0,1,39,0,False,59.74,695.5999999999999,342
79,0,1,17,1,False,77.55999999999999,771.8,262
76,0,0,0,0,False,49.74,480.69999999999993,280
111,0,0,0,0,False,48.55,485.09999999999997,316
94,0,0,0,0,False,56.260000000000005,551.0000000000001,348
143,0,0,0,4,True,56.22,542.8,286
109,0,0,0,1,False,66.8,725.2,295
138,0,0,0,2,False,49.88999999999999,578.9,333
73,0,0,0,0,False,57.95,554.4000000000001,209
21,0,0,0,5,True,45.379999999999995,550.8,246
148,0,1,21,1,False,65.91,561.0,344
103,0,0,0,1,False,54.31999999999999,579.4000000000001,279
143,0,1,22,1,False,48.449999999999996,495.00000000000006,348
79,0,1,32,2,False,33.46,403.0,274
89,0,0,0,1,False,47.83,498.59999999999997,328
120,0,0,0,1,False,72.81,647.5999999999999,299
121,0,1,41,1,False,66.39,613.9,298
101,0,0,0,0,False,55.38999999999999,588.6,270
115,0,0,0,2,False,68.92000000000002,712.0,309
168,0,0,0,2,False,62.220000000000006,665.1,309
90,0,0,0,1,False,50.04,458.0,288
70,0,0,0,3,False,55.96000000000001,594.5,314
138,0,0,0,1,False,68.57000000000001,630.2,350
43,0,0,0,0,False,50.699999999999996,541.4,322
117,0,1,20,2,False,56.06,509.8999999999999,355
108,0,0,0,2,False,35.34,398.29999999999995,320
118,0,0,0,2,False,66.92,703.7,336
169,0,0,0,3,False,47.11,458.40000000000003,347
62,0,1,42,0,False,52.16,563.1,262
86,0,0,0,2,False,37.82,456.29999999999995,345
44,0,0,0,0,False,62.519999999999996,585.1,300
111,0,0,0,5,True,50.67,533.9,262
127,0,1,19,2,False,50.94,567.7,282
151,1,0,0,0,False,67.63,702.4999999999999,306
53,0,0,0,2,False,56.050000000000004,595.4,298
15,0,0,0,2,False,48.33,520.9,268
123,0,1,28,1,False,54.330000000000005,599.3,319
137,0,0,0,1,False,60.74,560.3000000000001,327
106,0,0,0,2,False,50.85,553.9,351
88,0,0,0,3,False,49.59,523.2,290
106,0,0,0,1,False,72.55,703.8999999999999,303
95,0,0,0,0,False,64.96,662.0,271
57,1,0,0,0,True,42.71,488.7,237
184,0,0,0,2,False,54.81,572.4,289
109,0,0,0,3,False,63.410000000000004,726.3,262
127,0,0,0,2,False,61.589999999999996,582.3000000000001,359
82,0,0,0,2,False,71.02,629.3,323
180,0,0,0,1,False,50.72,518.1,338
174,0,0,0,2,False,65.7,670.8000000000001,274
92,0,0,0,2,True,67.77,698.5,259
81,0,0,0,1,False,50.42,510.5,316
125,0,0,0,2,True,43.12,447.99999999999994,281
119,0,0,0,0,True,80.98,730.7,218
122,0,0,0,3,False,61.959999999999994,596.8,220
34,0,0,0,1,False,52.510000000000005,553.6,283
138,1,1,28,3,True,73.36,712.4000000000001,335
90,0,1,24,1,False,39.43,452.6,297
73,0,0,0,2,False,49.36,537.4000000000001,292
19,0,0,0,1,True,77.48,713.8999999999999,358
120,0,1,28,1,False,71.42999999999999,700.0,280
160,0,0,0,3,False,54.42,634.1000000000001,248
141,0,0,0,0,False,52.31,563.4000000000001,363
90,0,0,0,2,False,59.470000000000006,614.1,256
72,0,0,0,2,False,57.06000000000001,617.0,310
117,0,1,21,1,False,57.71,563.4,314
79,1,0,0,2,False,57.81000000000001,671.1,373
87,0,0,0,1,False,58.72,584.7,302
102,0,0,0,1,False,61.61999999999999,640.1,270
49,0,0,0,1,False,68.01,613.1999999999999,353
67,0,0,0,6,False,74.03,686.5,328
107,0,0,0,2,False,52.550000000000004,523.8000000000001,284
190,0,0,0,2,False,62.019999999999996,636.8,323
118,0,0,0,2,False,44.08,478.20000000000005,286
120,0,0,0,0,False,67.64999999999999,694.0999999999999,366
94,0,0,0,0,False,45.980000000000004,448.79999999999995,308
115,0,1,29,1,False,66.18,625.5999999999999,279
61,0,0,0,1,False,67.92,681.3,295
143,0,1,33,1,False,51.41,545.5,361
110,0,0,0,1,False,53.629999999999995,489.6,303
104,0,0,0,1,False,50.04,564.1,303
16,0,0,0,1,False,55.120000000000005,541.8,257
183,0,0,0,0,False,45.62,482.0,314
147,0,0,0,2,False,58.24,587.1999999999999,302
58,0,0,0,2,True,75.08,665.5999999999999,315
102,1,0,0,3,False,68.67999999999999,627.3,245
123,0,0,0,3,False,61.660000000000004,645.4,293
64,0,1,43,1,False,41.78999999999999,429.1,305
103,0,0,0,2,False,64.17000000000002,655.4,214
152,0,0,0,1,True,75.39,604.5,230
124,0,0,0,1,True,79.39,673.4,319
97,0,0,0,1,False,52.5,514.1,384
131,0,0,0,1,True,53.099999999999994,577.5999999999999,336
57,0,1,33,2,False,65.75,662.3000000000001,285
157,0,0,0,2,False,60.699999999999996,602.7,267
194,0,0,0,0,False,60.55,599.3,382
66,0,0,0,1,False,54.050000000000004,580.8,314
155,0,0,0,0,False,48.54,567.5,316
123,0,0,0,4,True,48.23,496.4,321
116,0,0,0,2,False,61.129999999999995,626.0,304
63,0,0,0,1,False,56.51,620.0,338
64,0,0,0,3,False,65.98,619.1,314
96,0,0,0,3,False,56.28,590.6999999999999,328
53,0,0,0,1,False,57.24999999999999,576.1999999999999,288
105,0,0,0,3,False,66.41,641.1,362
53,0,1,37,2,False,58.88,610.7,319
101,0,0,0,1,False,56.8,570.9,287
129,0,1,30,3,False,61.46,638.5999999999999,312
122,0,0,0,1,True,75.25,748.0999999999999,382
163,0,0,0,5,False,62.300000000000004,598.0999999999999,265
93,0,0,0,0,False,54.49999999999999,545.8,321
115,1,0,0,1,True,88.97,778.0,302
25,0,0,0,1,True,78.67,720.5999999999999,230
73,0,0,0,1,False,44.160000000000004,490.3,339
120,0,0,0,2,False,67.3,693.0999999999999,279
196,0,0,0,1,False,52.93,571.5,304
97,0,0,0,0,True,74.92999999999999,747.2,324
148,0,0,0,1,False,67.25,704.7,328
85,0,1,30,1,False,60.69,590.5,317
86,1,0,0,2,True,50.69,469.69999999999993,353
78,0,1,13,2,False,75.67,709.9999999999999,328
106,0,0,0,3,False,58.68999999999999,495.6,250
147,0,1,38,2,False,81.19000000000001,814.2,334
145,0,0,0,1,True,77.46,738.0999999999999,334
91,0,0,0,3,False,59.23,528.2,299
81,0,1,46,4,False,63.46,668.4000000000001,327
116,0,1,24,1,False,70.9,740.0,272
69,0,1,37,1,False,46.510000000000005,446.99999999999994,324
135,0,0,0,0,False,53.9,528.7,282
73,0,0,0,2,False,70.2,692.1999999999999,291
48,0,0,0,1,False,60.51,517.0,351
125,1,0,0,0,True,81.84,688.4,306
100,0,0,0,1,False,57.269999999999996,547.3000000000001,296
165,0,1,33,0,False,53.459999999999994,608.5,369
64,0,0,0,2,False,55.940000000000005,544.4000000000001,292
116,1,1,27,1,False,62.86999999999999,687.8000000000001,323
147,1,1,35,3,True,56.120000000000005,585.2,254
115,0,0,0,1,False,66.38,690.7,341
84,0,1,35,4,False,61.800000000000004,580.5,377
86,0,1,16,4,False,56.77000000000001,618.0,335
134,0,0,0,2,False,66.66,592.8,312
105,0,0,0,0,True,66.37,624.6,292
88,0,0,0,2,False,55.35,593.1,337
90,0,1,27,2,False,55.68,529.0,286
86,0,0,0,1,False,65.28999999999999,706.4,278
37,0,0,0,4,False,62.10000000000001,550.3,337
141,0,1,32,1,True,90.12,821.8,313
148,0,0,0,2,False,61.19,651.0,337
163,0,1,22,2,False,58.31,512.6,304
89,0,1,35,1,False,55.28999999999999,510.3,285
63,0,0,0,0,False,63.56,653.6,300
102,0,0,0,2,False,50.809999999999995,562.3000000000001,290
76,0,0,0,1,False,60.44,603.9,292
104,0,0,0,2,False,56.39,561.5,250
109,0,0,0,3,False,61.74,656.8,280
105,0,0,0,2,False,57.49999999999999,639.9,324
63,0,1,33,1,False,73.05,773.0,259
105,0,1,24,3,False,79.55000000000001,778.5999999999999,329
68,1,1,39,1,False,61.31999999999999,696.9,306
63,1,1,21,1,False,50.49,519.7,306
74,0,0,0,3,False,42.6,428.70000000000005,327
76,0,0,0,0,False,61.23,602.6999999999999,266
91,1,0,0,2,True,67.72,598.1,316
101,0,0,0,5,False,65.41000000000001,583.9000000000001,365
116,0,0,0,0,True,84.82000000000001,790.5999999999999,313
131,0,1,23,1,False,65.84,714.7,339
84,0,0,0,1,False,65.98,641.2,328
104,0,0,0,2,False,50.6,523.3000000000001,260
108,0,0,0,3,False,70.0,712.2,280
111,0,0,0,0,False,58.949999999999996,615.8,340
155,0,1,30,1,False,45.67,555.0,314
66,0,0,0,1,False,65.65,672.8999999999999,283
64,0,0,0,1,False,61.419999999999995,557.6,262
69,0,0,0,2,False,70.62,664.3,321
116,0,0,0,3,False,71.75,653.6,254
101,0,0,0,0,False,68.00000000000001,564.5,315
15,0,0,0,2,False,53.88,588.3000000000001,254
88,0,0,0,4,True,82.76,705.5,328
197,0,0,0,0,False,69.16999999999999,645.2,319
50,1,0,0,2,True,54.120000000000005,583.2,278
172,0,0,0,2,False,65.63000000000001,760.6,296
188,1,1,26,1,True,60.779999999999994,578.3,303
85,1,0,0,3,False,51.18999999999999,560.1999999999999,325
103,1,0,0,1,True,72.65,717.8000000000001,352
136,0,1,27,3,False,59.96000000000001,564.4,345
155,0,1,21,0,False,57.769999999999996,506.6,290
145,0,0,0,2,False,47.269999999999996,520.6,306
116,0,1,12,2,False,60.9,560.0,312
152,0,0,0,2,False,52.56,563.8,282
65,1,0,0,0,True,74.52000000000001,699.8,316
180,0,0,0,3,True,71.01,697.7,284
67,0,0,0,0,False,48.970000000000006,527.6999999999999,388
60,0,0,0,0,False,60.489999999999995,628.6000000000001,345
138,0,0,0,0,False,69.52,684.1,261
44,0,0,0,4,True,76.19,665.4,302
25,0,0,0,2,False,72.79,685.6999999999999,274
145,0,0,0,1,False,62.95,621.8,297
122,0,1,28,2,False,57.82999999999999,577.7,237
121,0,0,0,0,True,54.66,567.5,298
55,1,0,0,0,False,36.35999999999999,338.9,272
77,0,0,0,1,False,64.84,611.2,285
12,0,0,0,2,False,63.68,609.0,290
64,0,0,0,3,False,59.76,516.2,288
92,0,1,44,2,False,59.220000000000006,599.3,290
125,1,1,29,1,True,75.07000000000001,713.2,316
160,0,0,0,1,False,65.16,653.8,369
79,0,0,0,0,False,58.63,584.1000000000001,317
36,0,0,0,3,False,70.28,698.5999999999999,318
102,0,0,0,2,False,60.43,621.1,350
138,1,0,0,1,False,72.28999999999999,647.9,296
164,0,0,0,3,False,61.83,581.8,292
125,0,0,0,0,True,74.97,707.3,244
72,0,0,0,2,False,53.53,507.70000000000005,311
74,0,0,0,3,True,87.27999999999999,807.8,311
134,0,1,41,0,False,65.55,658.6999999999999,276
145,0,0,0,1,False,66.75999999999999,689.1,281
136,0,0,0,0,False,45.45,463.5,314
209,0,0,0,3,True,75.08,712.2,308
66,1,0,0,3,False,64.35999999999999,655.0,282
152,0,1,20,1,False,54.5,489.79999999999995,340
162,0,0,0,1,False,33.0,408.20000000000005,367
72,0,0,0,2,False,48.75000000000001,514.9000000000001,329
101,0,0,0,4,False,72.82000000000001,655.1000000000001,295
125,0,0,0,0,False,61.54,553.2,318
46,0,0,0,2,False,30.48,366.9,279
132,0,0,0,1,True,80.44,725.9999999999999,326
193,0,1,31,0,False,32.86,363.09999999999997,274
63,0,0,0,0,True,78.4,723.6,302
124,0,0,0,1,False,65.65,645.1,361
144,0,0,0,0,False,57.8,629.0,298
116,0,1,24,2,False,57.66,560.3,320
189,0,1,30,1,False,54.81,536.1999999999999,280
97,0,1,28,1,False,79.62,787.4,277
137,0,1,50,2,False,59.81000000000001,592.2,304
142,0,1,38,0,False,51.69,552.6999999999999,351
84,0,0,0,1,False,63.47999999999999,613.8,336
119,0,1,19,1,False,61.25000000000001,627.2,339
158,0,0,0,1,False,57.25,597.5,283
50,0,0,0,1,False,71.13000000000001,599.1,338
98,0,0,0,2,False,46.309999999999995,461.3,288
101,0,1,24,2,False,44.56999999999999,464.90000000000003,280
182,0,0,0,2,True,75.15,686.6,347
51,0,0,0,0,False,52.75,517.8,270
117,0,0,0,2,False,57.540000000000006,510.99999999999994,346
92,1,0,0,0,False,66.93,591.4000000000001,340
86,0,0,0,2,False,58.580000000000005,605.9000000000001,320
122,0,0,0,2,False,51.2,563.8000000000001,322
156,0,1,27,1,False,64.66999999999999,651.2,372
127,0,0,0,0,True,74.83,719.4,317
130,1,0,0,5,True,77.92,723.5,317
158,0,0,0,2,False,61.709999999999994,664.3,287
145,1,1,30,1,False,56.339999999999996,573.3000000000001,311
90,1,1,26,0,True,57.97,584.4,287
127,0,1,27,3,False,35.43,508.5,376
109,0,0,0,1,False,62.89,648.6999999999999,366
88,0,0,0,1,False,52.27,483.9,280
101,0,1,9,0,False,54.25,520.0,311
171,0,0,0,0,False,61.38,630.9,292
21,0,0,0,1,False,69.35,666.8,369
145,0,1,31,2,False,69.3,686.5,327
90,0,0,0,2,False,69.52,716.4000000000001,311
33,0,0,0,1,False,50.260000000000005,464.4,326
61,0,1,40,2,True,43.78,469.90000000000003,295
107,0,0,0,3,False,59.17000000000001,535.3,321
147,0,0,0,0,True,80.71000000000001,795.6000000000001,258
117,0,0,0,2,False,52.480000000000004,525.4000000000001,252
95,0,0,0,1,False,67.82000000000001,617.9000000000001,337
186,0,0,0,1,False,48.32,480.59999999999997,306
128,0,0,0,0,False,64.2,648.6999999999999,278
55,0,1,39,3,False,52.120000000000005,572.2,323
134,0,0,0,2,False,27.77,378.6,268
96,0,1,23,1,False,62.46999999999999,692.0,292
107,0,0,0,0,False,67.08,629.3,268
123,0,0,0,2,False,42.49,356.3,295
35,0,0,0,2,False,68.94999999999999,753.6999999999999,250
74,0,0,0,0,False,64.51,667.0,376
130,0,0,0,1,False,43.69,437.8,366
137,1,0,0,0,True,71.03999999999999,691.6,272
88,0,0,0,1,False,59.510000000000005,599.3,338
80,0,0,0,3,False,32.89,394.4,272
116,0,1,19,3,False,53.11,542.0,340
123,0,1,23,2,False,78.99,764.6,304
120,0,0,0,1,False,48.19,506.59999999999997,327
146,1,0,0,1,False,58.08,650.7,309
106,0,1,9,3,False,48.47,501.40000000000003,299
121,0,1,44,1,False,46.83,524.9000000000001,305
137,0,0,0,1,False,51.6,550.8000000000001,254
84,0,1,30,2,False,47.32,526.5,237
67,0,1,31,1,False,60.160000000000004,607.4000000000001,246
161,0,0,0,4,True,50.78,511.29999999999995,301
134,0,1,34,2,True,71.22000000000001,665.1,319
62,1,1,32,0,True,69.46000000000001,660.5,365
120,0,1,24,1,False,68.57000000000001,637.8,293
130,0,1,30,0,False,61.76,599.6999999999999,368
20,0,0,0,2,False,68.91,725.6,251
68,0,0,0,1,False,56.69,579.0,328
112,0,0,0,0,False,63.87999999999999,608.1,356
77,0,0,0,3,False,65.37,691.5,278
109,0,0,0,2,False,66.57000000000001,665.5,246
108,0,0,0,3,False,62.51,620.8,303
79,0,1,17,1,False,61.25,632.6,323
119,0,0,0,3,True,74.67999999999999,724.4,262
38,0,0,0,5,True,56.56,534.6,318
109,0,1,29,6,True,53.839999999999996,608.4,322
78,0,0,0,1,False,45.150000000000006,514.6,285
134,0,0,0,0,False,73.42999999999999,698.2,345
47,0,1,27,2,False,53.75,584.4000000000001,306
59,0,1,27,0,False,40.29,404.0,285
151,0,0,0,0,False,69.6,717.6,294
129,0,0,0,1,False,42.02,498.5,375
107,0,1,27,2,False,81.98,763.1999999999999,326
137,1,0,0,0,True,75.54,688.6,332
76,0,0,0,1,False,44.65999999999999,506.40000000000003,295
24,0,0,0,0,False,62.60999999999999,553.1,399
169,0,0,0,2,False,52.50000000000001,515.0999999999999,263
30,0,0,0,1,False,38.29,490.7,273
70,0,0,0,3,False,59.96,572.1,308
52,1,0,0,0,True,71.06,651.0,253
3,0,0,0,4,False,59.47,682.0,297
38,0,0,0,2,False,50.72,543.8,319
104,0,0,0,3,False,66.98,584.5,282
27,0,0,0,1,False,43.93,519.9,330
166,1,1,28,1,False,60.31,569.3,279
13,0,0,0,2,False,70.76,704.5000000000001,299
52,0,0,0,2,False,59.07,515.4,300
114,0,1,25,1,False,57.68,607.7,302
156,0,0,0,1,False,49.260000000000005,522.8,307
90,0,1,42,0,False,67.89,682.1,252
62,0,0,0,2,False,52.09,484.7,328
82,0,1,33,2,False,58.480000000000004,652.4000000000001,299
52,0,0,0,3,False,49.05,542.5999999999999,274
146,0,0,0,1,False,50.53,558.3000000000001,255
120,0,1,23,2,False,72.58,734.3000000000001,320
130,0,0,0,1,True,74.41,663.8,321
90,0,0,0,1,False,36.459999999999994,410.19999999999993,274
147,1,0,0,1,False,52.98,469.6,314
159,0,0,0,0,True,49.76,461.6000000000001,256
74,0,1,27,4,False,58.81,639.3,360
130,0,0,0,0,False,68.26,637.1,275
155,1,0,0,0,False,59.88,562.4,316
87,0,0,0,2,False,60.099999999999994,535.4,269
81,0,0,0,0,True,87.27000000000001,761.8000000000001,213
99,0,0,0,2,False,50.44,501.6,347
131,0,0,0,2,False,60.85,601.2,347
89,0,0,0,5,True,52.61,568.4999999999999,243
123,1,0,0,4,True,45.34,512.6,337
130,0,1,26,1,False,75.37,698.1,352
99,0,0,0,1,False,44.08,450.9,261
36,0,0,0,1,False,61.85,645.6,362
87,0,0,0,3,False,49.43,561.5,310
139,0,0,0,2,False,68.69,575.5000000000001,378
189,0,0,0,1,False,58.60000000000001,505.50000000000006,273
96,0,1,33,3,False,59.07000000000001,572.5,301
112,0,0,0,2,False,46.269999999999996,505.3,303
75,0,0,0,1,False,67.88000000000001,668.7,288
178,0,1,35,2,False,55.05,514.5999999999999,250
112,0,0,0,2,True,81.07,801.0,293
108,0,1,41,0,False,51.910000000000004,501.90000000000003,298
100,0,0,0,0,False,43.11,468.70000000000005,314
121,0,1,20,0,False,67.57000000000001,674.9,339
116,0,0,0,1,False,39.620000000000005,479.6,289
161,0,0,0,1,False,57.12,540.1,247
19,1,0,0,0,False,67.42999999999999,631.5,318
104,0,0,0,1,False,67.21,670.9000000000001,318
119,1,1,32,0,False,60.9,625.7,289
125,0,0,0,0,False,61.55999999999999,575.6,296
156,0,0,0,1,False,66.27999999999999,612.6,368
109,0,0,0,2,False,52.629999999999995,546.1,335
95,0,0,0,2,False,49.940000000000005,516.4000000000001,307
90,0,0,0,1,False,48.52,547.4,319
105,0,1,21,2,False,56.14,620.4000000000001,251
101,0,0,0,1,False,68.87,697.9,327
95,0,0,0,1,False,58.75999999999999,619.0,334
123,0,0,0,0,False,59.31,577.9,303
160,0,0,0,1,False,66.28000000000002,658.3000000000001,313
141,0,1,28,1,False,82.3,716.0999999999999,357
87,0,0,0,0,False,27.08,322.9,380
81,0,0,0,2,False,63.519999999999996,661.3999999999999,264
75,0,1,19,4,False,69.55,680.9,282
126,0,1,24,0,False,46.4,535.4,294
28,0,0,0,3,False,69.69,693.8,307
153,0,0,0,0,False,65.08999999999999,605.2,349
97,0,1,32,2,True,49.44,560.1,313
115,0,0,0,2,False,45.87,461.7,310
95,0,0,0,1,False,67.12,639.5,259
17,1,0,0,0,True,65.84,738.6999999999999,306
105,0,1,20,1,False,71.02000000000001,786.8000000000001,311
121,0,0,0,2,False,45.839999999999996,503.0,301
125,0,0,0,2,False,65.86,625.8,291
124,0,0,0,2,False,45.28,433.6,300
35,0,0,0,2,False,50.239999999999995,525.6999999999999,248
134,0,0,0,0,True,83.99,781.5,318
123,0,1,32,3,False,68.64,679.1,242
124,0,0,0,3,False,70.75,709.6,295
133,0,0,0,2,False,56.62,567.6,280
185,0,1,19,0,False,59.8,615.0,330
1,0,1,26,1,False,50.13,503.2,250
107,0,0,0,1,False,61.48,502.4,371
91,0,1,20,1,False,56.290000000000006,567.4000000000001,305
178,1,0,0,2,True,48.32,545.3,327
123,0,0,0,1,False,69.19000000000001,695.8,275
170,0,0,0,1,True,76.86,721.9000000000001,289
135,0,0,0,1,False,58.88,592.6,255
85,0,0,0,1,False,58.05,604.3,290
134,0,1,50,2,False,55.949999999999996,489.50000000000006,345
148,0,1,36,1,False,45.239999999999995,551.1999999999999,318
93,0,0,0,1,True,75.08000000000001,662.3,343
138,0,0,0,0,False,62.01,522.6,295
159,0,0,0,0,False,50.839999999999996,578.6,312
103,0,1,34,1,False,47.129999999999995,476.40000000000003,272
150,0,1,27,0,False,62.11,623.5,309
37,0,0,0,3,False,58.64,634.2,343
33,1,0,0,0,False,48.19,447.3,309
55,0,0,0,1,False,66.96,589.0,271
134,0,1,32,0,False,42.81,467.6,338
107,0,0,0,2,False,42.19,473.20000000000005,300
80,0,1,36,1,False,64.86,665.6,342
78,0,0,0,1,True,48.449999999999996,549.0,356
85,0,1,17,4,True,45.06,498.0,286
61,0,1,15,2,False,73.25,709.8000000000001,315
97,0,1,32,5,False,65.02,662.7,256
136,1,0,0,2,False,55.07000000000001,536.1,347
135,0,0,0,3,False,47.27,479.50000000000006,275
87,0,1,19,1,False,55.32,602.4000000000001,289
165,0,0,0,0,False,69.09,646.2,245
148,0,0,0,2,True,79.39,769.6,292
99,0,0,0,2,False,49.620000000000005,492.49999999999994,348
123,0,0,0,2,False,55.080000000000005,526.3,268
127,1,0,0,1,False,73.05,648.3,313
151,0,0,0,0,False,51.41,481.5,275
185,0,0,0,1,False,55.03,558.6999999999999,290
65,0,1,34,4,False,60.62,578.0,316
58,0,0,0,4,False,67.91,632.0,324
104,0,0,0,2,False,44.08,470.4,278
44,0,0,0,0,False,62.6,642.0,339
58,0,0,0,4,False,60.449999999999996,622.6,321
108,0,0,0,0,False,61.36,585.5999999999999,293
132,0,0,0,1,False,53.870000000000005,580.9000000000001,336
80,0,0,0,2,False,50.34,522.6,244
162,0,0,0,2,False,57.41,634.3000000000001,303
110,0,0,0,2,False,54.33,603.2,245
96,0,0,0,1,True,82.29,788.4999999999999,309
168,0,0,0,2,True,58.7,579.1,370
72,0,0,0,4,True,83.35,819.8000000000001,359
125,0,1,23,1,False,49.73,517.0,322
170,0,0,0,2,False,61.46,623.0999999999999,312
71,0,0,0,3,False,63.83,623.5,299
124,0,0,0,1,False,48.51,438.4,370
68,0,0,0,2,False,68.24,661.6999999999999,297
97,0,0,0,1,False,46.64,396.40000000000003,234
98,1,0,0,1,False,60.05,611.3000000000001,234
24,0,0,0,2,True,49.53,527.2,226
136,0,0,0,0,False,65.25,647.0999999999999,279
44,0,0,0,0,True,76.30999999999999,689.6,281
96,0,1,40,0,False,45.3,454.7,366
31,0,0,0,1,False,44.589999999999996,453.59999999999997,312
72,0,0,0,0,False,65.91,703.5,295
24,0,0,0,1,False,45.400000000000006,458.59999999999997,326
112,0,1,31,4,False,74.46,743.2,294
117,1,0,0,1,True,80.52000000000001,710.2,291
137,0,1,19,0,False,61.93,635.8,353
136,0,0,0,0,False,41.989999999999995,405.1,269
95,0,0,0,0,False,63.04,661.5,312
82,0,1,19,1,False,55.92,596.0,256
145,0,0,0,1,True,79.42,782.2,335
56,1,0,0,1,False,62.03,640.5,296
155,1,0,0,2,False,64.96000000000001,561.4,360
133,0,0,0,0,True,51.129999999999995,572.9,328
53,0,0,0,2,False,51.48,578.4999999999999,312
123,0,0,0,5,True,74.69,745.1,312
136,0,0,0,7,False,62.86,672.2,296
57,0,0,0,3,False,56.68,585.5,332
62,0,0,0,1,False,47.78,502.09999999999997,317
112,0,0,0,1,False,45.32,499.1000000000001,299
55,0,1,20,1,False,63.99,631.1999999999999,315
95,0,0,0,6,True,53.43,606.3999999999999,301
125,0,0,0,1,False,69.42999999999999,662.8000000000001,271
1,0,0,0,5,True,51.980000000000004,479.3,290
98,0,1,36,6,True,52.36,511.9,328
105,0,0,0,1,False,67.41,616.5,308
113,0,1,30,0,False,60.550000000000004,613.8000000000001,284
99,0,0,0,3,True,74.47,712.4999999999999,225
103,0,0,0,1,False,49.38,467.99999999999994,356
177,0,0,0,1,False,64.39999999999999,614.6,289
149,0,1,20,0,False,58.16,584.7,342
160,0,0,0,1,True,76.57000000000001,738.9,373
116,0,0,0,2,False,47.50000000000001,518.4,254
90,0,1,22,1,False,52.589999999999996,584.8,304
148,1,0,0,0,True,63.74000000000001,553.1,251
147,0,1,35,2,True,57.8,560.6,327
95,0,0,0,0,False,39.35,481.2,324
201,0,0,0,1,False,65.97,640.0,267
80,0,0,0,0,False,50.730000000000004,530.3,302
122,1,0,0,1,False,57.19,612.5,312
132,0,0,0,0,False,57.730000000000004,575.1,314
83,0,0,0,1,False,68.44,684.6,276
99,0,0,0,7,True,52.56,561.9,308
84,0,0,0,3,True,74.75,717.1999999999999,302
46,0,0,0,1,False,46.37,493.9,233
87,0,0,0,2,False,59.839999999999996,660.1,380
150,0,0,0,1,False,65.78,656.9,309
73,0,0,0,1,False,54.76,473.1,264
7,0,0,0,3,False,69.13,657.3,252
89,0,1,12,2,False,56.75,551.7,347
131,1,0,0,3,True,41.25,402.7,275
105,0,0,0,3,False,72.22,668.9,234
108,1,0,0,2,True,47.379999999999995,476.3,272
47,0,1,28,1,False,52.50000000000001,522.5999999999999,318
101,1,0,0,1,False,48.97,501.40000000000003,344
182,0,1,24,1,False,45.690000000000005,474.1,332
161,0,0,0,1,False,60.010000000000005,573.5999999999999,234
128,0,0,0,1,True,74.57000000000001,727.5,290
69,0,1,31,2,False,59.870000000000005,552.7,284
113,0,1,34,1,False,30.209999999999997,360.8,266
87,0,1,30,0,False,72.1,641.2,334
71,0,0,0,0,False,70.85999999999999,702.0,299
76,0,0,0,1,False,67.21000000000001,679.0000000000001,269
87,0,0,0,3,False,65.72,654.5,282
117,0,0,0,1,False,47.8,507.3,290
177,0,0,0,3,True,76.89,724.9,236
95,0,0,0,1,False,48.98,532.6999999999999,282
76,0,0,0,1,False,59.44,536.1,256
66,0,0,0,2,False,62.33,632.6,320
110,0,0,0,1,False,55.28,552.4,374
204,0,0,0,3,False,60.46000000000001,565.5,322
32,0,1,31,0,False,68.0,636.1,321
133,0,1,39,5,False,69.95,629.1000000000001,272
185,0,0,0,2,False,42.26,467.6,293
103,0,1,37,1,False,60.529999999999994,650.6999999999999,299
91,0,0,0,1,False,47.09,517.1999999999999,292
131,0,0,0,2,False,61.76,636.8000000000001,314
153,0,0,0,0,False,53.230000000000004,532.8,382
132,0,1,25,2,False,54.410000000000004,619.3,297
148,0,0,0,1,False,62.33,614.0,357
141,0,0,0,5,False,72.32000000000001,694.4,277
105,0,0,0,2,False,52.050000000000004,536.3000000000001,349
169,0,0,0,3,True,75.47000000000001,726.3999999999999,307
127,0,1,23,1,False,59.02,564.8,251
57,0,0,0,0,False,44.23,521.4,314
123,0,1,33,0,False,45.38,484.69999999999993,252
103,0,1,35,4,True,44.18,420.1,261
101,0,0,0,1,False,42.63999999999999,383.0,252
123,0,1,22,2,False,50.04,414.00000000000006,285
78,0,1,32,6,False,66.08,659.4,295
101,0,1,28,4,False,73.42,718.5,285
129,0,0,0,1,False,60.38,656.0999999999999,328
67,0,1,34,0,False,56.879999999999995,584.2,347
37,0,0,0,3,False,60.29,589.3,332
64,1,0,0,3,False,51.67,546.1,246
173,0,0,0,1,False,36.85,385.8,327
135,0,0,0,1,False,58.910000000000004,618.9,268
75,0,1,42,1,False,64.55,535.4000000000001,300
88,0,0,0,4,True,45.12,509.5,260
112,0,0,0,3,False,64.28,598.3,318
113,0,0,0,0,False,60.56,656.0,347
121,0,1,28,2,False,43.13999999999999,495.2,260
70,0,0,0,1,False,51.260000000000005,498.7,324
90,0,0,0,0,False,57.59,647.7,327
39,0,0,0,0,False,43.87,505.59999999999997,305
142,0,0,0,0,False,61.27,551.0,350
176,0,0,0,1,False,57.3,530.0,260
105,0,0,0,1,False,56.669999999999995,610.1,280
57,0,0,0,2,True,76.34,686.3,266
110,0,0,0,1,False,34.1,401.7,251
88,0,0,0,2,False,53.31,468.6000000000001,283
95,0,0,0,0,False,57.63,542.8,315
147,0,0,0,3,False,53.31,558.9,302
101,0,0,0,4,True,56.449999999999996,579.5999999999999,338
115,0,0,0,1,False,61.85,623.9,303
103,0,0,0,2,False,53.19,578.0,320
82,0,0,0,0,False,63.66000000000001,654.1,359
141,0,0,0,0,False,60.59,579.4,337
149,0,0,0,2,False,57.69,570.7,311
131,0,0,0,2,False,70.41,644.5,300
119,0,0,0,1,False,49.6,569.3,290
112,0,0,0,3,False,60.30000000000001,583.5,296
116,0,1,35,2,False,46.71999999999999,502.7,313
94,0,0,0,3,False,70.28,762.1,287
90,0,0,0,2,False,69.69,703.6999999999999,326
114,0,1,31,0,False,63.54,567.6,308
63,0,1,25,1,False,51.86999999999999,460.3,325
130,0,0,0,4,True,78.17,727.8000000000001,350
122,0,1,29,3,False,65.85,640.0,277
166,0,0,0,3,False,62.949999999999996,617.9000000000001,307
62,0,0,0,0,False,44.29,501.6,319
78,0,1,21,2,False,54.410000000000004,517.2,257
148,0,1,26,1,False,53.11000000000001,547.4,309
154,0,0,0,3,True,55.730000000000004,558.7,300
110,0,1,34,1,False,51.510000000000005,464.20000000000005,342
75,0,0,0,0,True,80.74,737.0,342
84,0,1,38,2,False,59.59,614.4,304
113,0,0,0,1,False,36.760000000000005,401.0,321
181,0,1,40,2,False,56.050000000000004,618.5,240
51,0,0,0,2,False,52.52,495.9,290
102,0,1,29,0,False,79.69,823.5,307
107,0,0,0,1,False,36.7,412.4,270
88,0,0,0,5,True,47.64,498.4,312
82,0,0,0,0,False,53.22,508.3,319
204,0,0,0,6,False,60.760000000000005,610.6999999999999,279
130,0,0,0,3,False,60.19,540.3000000000001,285
174,0,0,0,0,False,69.77,707.0,387
129,0,0,0,2,False,60.150000000000006,611.5,338
190,1,0,0,3,False,51.620000000000005,588.0999999999999,267
54,1,0,0,3,False,63.39000000000001,560.6000000000001,327
78,0,0,0,0,False,66.00999999999999,717.7,298
100,0,1,29,1,False,62.980000000000004,605.6,312
70,0,1,30,3,False,47.129999999999995,450.69999999999993,236
111,0,0,0,1,False,44.61000000000001,537.1,311
117,0,0,0,1,False,49.55,575.7,343
68,0,0,0,0,False,40.88999999999999,465.3,260
27,0,0,0,2,True,74.91999999999999,751.5,326
91,0,0,0,1,False,47.620000000000005,492.70000000000005,251
181,0,1,27,1,False,66.09,665.6,306
118,0,1,36,3,False,75.37000000000002,659.5999999999999,289
112,0,0,0,2,False,56.97,530.8,322
93,0,0,0,0,False,57.52,548.9,381
102,0,0,0,0,False,55.83,566.4,324
93,0,0,0,0,False,61.45,663.8,307
107,0,1,32,1,False,50.57,521.9000000000001,389
100,0,1,32,3,False,52.949999999999996,560.7,339
115,0,0,0,2,False,70.25,749.3,333
63,0,1,13,0,False,62.419999999999995,579.6999999999999,219
57,0,0,0,0,False,71.63,719.5999999999999,304
119,0,1,26,1,False,49.46,520.4,334
73,0,0,0,1,False,62.53,729.9,289
98,0,1,30,2,False,45.489999999999995,487.5,275
139,1,0,0,0,False,54.45,533.9000000000001,367
31,0,1,28,1,False,63.58,668.6,328
129,0,1,32,1,False,62.699999999999996,612.3000000000001,289
115,0,0,0,7,True,49.339999999999996,491.90000000000003,262
108,0,0,0,2,True,82.45,755.9000000000001,311
139,0,0,0,0,False,50.440000000000005,556.0,324
102,0,0,0,4,False,66.89,607.2,313
149,0,0,0,1,False,63.28000000000001,662.0,244
113,0,0,0,2,False,56.45,558.1,329
131,0,1,33,1,False,59.39999999999999,629.7,314
83,0,0,0,0,False,47.34,525.0,353
96,0,1,21,2,False,73.94,673.3,323
98,0,0,0,1,False,49.36,459.30000000000007,344
3,0,0,0,3,False,60.24,573.3000000000001,341
77,0,1,17,0,False,64.86,636.8999999999999,288
75,0,1,24,3,False,68.54,687.8,335
40,0,0,0,4,True,55.10000000000001,574.6,356
108,0,0,0,0,False,73.84,724.7,339
100,0,0,0,4,True,52.03999999999999,607.4000000000001,280
16,0,0,0,3,False,56.53,551.0,327
115,0,1,16,2,False,47.21999999999999,486.1,338
108,0,1,25,3,False,48.17,455.0,301
107,0,0,0,5,False,58.74,598.0999999999999,235
161,0,0,0,2,True,87.35000000000001,802.0,344
147,0,0,0,2,False,58.31,612.9,282
107,0,0,0,3,False,42.919999999999995,387.09999999999997,307
120,0,0,0,1,False,65.94,693.0,324
107,0,1,36,1,False,41.900000000000006,452.5,297
58,0,0,0,3,False,49.91,520.1,314
91,0,0,0,2,False,49.629999999999995,472.0,291
13,0,0,0,2,False,56.60000000000001,611.5,355
104,0,0,0,5,False,73.8,625.6,289
93,0,1,31,1,False,69.99,653.7,276
95,0,0,0,2,False,56.660000000000004,521.9999999999999,313
104,0,0,0,3,False,46.900000000000006,522.8,385
35,0,0,0,5,True,49.42,522.3,317
62,0,0,0,3,False,60.57,598.1999999999999,288
143,0,0,0,1,False,65.18,688.5999999999999,300
62,0,0,0,4,False,64.73,605.1,327
60,1,0,0,0,True,70.64,696.3,355
41,0,0,0,1,False,65.32,626.1999999999999,330
34,0,1,14,2,False,58.78000000000001,610.7,351
56,0,0,0,0,True,76.25,795.3000000000001,324
183,0,0,0,1,False,69.52,750.3,289
94,0,0,0,2,False,62.120000000000005,575.4,271
73,0,1,47,2,False,56.43000000000001,558.5999999999999,328
123,0,0,0,2,False,46.95,543.0000000000001,321
64,0,0,0,3,False,48.18000000000001,531.4,284
127,1,0,0,4,True,49.0,500.7,345
33,0,0,0,3,False,61.86,634.9,326
27,0,0,0,1,False,64.61,544.5999999999999,297
123,0,0,0,0,False,66.99999999999999,668.7,259
148,0,0,0,2,False,68.73,711.9,348
81,0,0,0,0,False,51.55,513.8,352
122,0,1,30,2,False,73.39999999999999,701.7,272
52,0,0,0,1,False,69.02,668.2,348
91,0,1,44,1,False,64.88,640.9,297
54,0,0,0,2,True,74.97999999999999,727.4000000000001,312
152,0,0,0,1,False,61.68000000000001,570.8,308
201,0,0,0,1,True,78.14999999999999,787.5,281
78,0,0,0,4,True,39.910000000000004,434.4,314
67,0,0,0,0,False,52.51,584.1,310
100,0,0,0,1,False,64.93,654.6000000000001,330
41,0,0,0,3,False,72.25,704.7,302
133,0,0,0,3,False,55.97,616.1999999999999,338
36,0,1,43,2,False,33.04,493.5,351
51,0,1,28,0,False,77.66999999999999,734.8999999999999,311
122,0,0,0,0,False,44.209999999999994,418.90000000000003,277
84,0,1,41,1,False,51.38,525.0999999999999,325
91,0,0,0,0,False,59.47,540.5,299
110,0,0,0,1,False,60.15,595.5,298
91,1,0,0,1,False,44.94,423.90000000000003,321
121,0,0,0,5,False,62.26,562.6,279
109,0,0,0,3,False,58.45,556.1999999999999,316
95,0,0,0,2,False,51.57,491.4,308
72,0,0,0,0,False,60.85,631.2,338
73,0,0,0,0,False,68.31,646.6,352
108,0,0,0,3,False,56.419999999999995,532.1999999999999,315
58,0,1,39,1,False,70.27,702.1999999999999,259
148,1,0,0,1,False,65.1,659.9,311
76,1,0,0,0,True,72.44,674.7,301
103,0,0,0,6,True,54.120000000000005,506.7,319
87,0,0,0,0,True,63.21999999999999,572.5,275
35,0,1,37,2,False,57.51,591.8,313
88,0,0,0,1,False,42.65,431.1,339
67,0,1,41,0,False,53.96,503.99999999999994,288
77,0,1,29,2,False,64.19,592.7,301
124,0,0,0,1,False,58.15,602.4000000000001,284
30,0,0,0,0,False,72.99,722.0,275
53,0,1,32,2,False,53.13999999999999,550.3,295
152,0,0,0,1,False,51.43,490.0,298
100,1,0,0,1,False,35.24999999999999,359.9,341
59,0,1,32,1,False,65.26,637.0999999999999,356
143,0,0,0,3,False,61.64,635.6999999999999,313
142,0,1,40,1,False,74.66,757.8,284
105,0,0,0,1,False,70.85,650.5,323
111,0,0,0,1,True,89.76,860.1999999999999,286
143,0,0,0,1,False,52.58,547.9000000000001,322
93,0,1,22,0,False,82.14,747.9000000000001,315
79,0,0,0,2,False,64.61999999999999,560.5,339
68,1,1,24,3,True,58.3,630.3,304
93,1,0,0,1,False,64.0,651.9999999999999,292
103,0,0,0,2,False,34.32,386.20000000000005,416
144,0,1,38,0,False,39.17,452.0,335
93,0,0,0,1,False,59.230000000000004,642.0,366
149,1,0,0,3,False,58.6,582.4,280
23,0,1,31,1,False,56.15,622.1,293
221,0,1,24,0,False,59.65,612.6999999999999,283
164,0,1,30,1,False,72.99000000000001,688.3000000000001,295
104,0,1,18,2,False,61.43,602.1,248
150,0,1,35,2,False,64.02,695.0,349
184,0,1,12,0,False,65.08,613.4000000000001,279
88,0,0,0,1,False,57.989999999999995,595.9,317
61,1,1,29,3,False,50.83,562.5,322
110,0,0,0,2,False,60.35,634.5,344
115,0,0,0,3,True,74.94,728.9,247
33,0,0,0,2,False,71.13,666.1,267
100,0,0,0,2,True,75.31,728.7,343
209,0,0,0,0,False,54.089999999999996,553.8,289
27,0,0,0,5,False,68.87,623.3,275
117,0,0,0,1,False,62.440000000000005,598.9,290
87,0,0,0,1,False,54.86,516.8000000000001,288
129,0,1,27,1,False,61.580000000000005,628.8000000000001,272
142,0,0,0,1,False,65.31,607.4999999999999,335
112,0,0,0,0,False,47.42,494.8,260
75,0,1,28,1,False,56.36,536.8,365
97,0,1,25,3,False,51.19,533.1,326
121,0,1,34,0,False,67.18,581.8,294
142,1,0,0,1,False,53.190000000000005,533.1999999999999,354
121,0,0,0,3,True,77.34,728.5,311
87,0,1,33,2,False,53.69,585.8000000000001,282
34,0,0,0,1,False,69.03999999999999,758.4,272
177,1,0,0,1,True,68.61999999999999,624.1999999999999,280
58,0,1,30,0,False,64.55000000000001,687.1999999999999,340
113,1,0,0,5,True,42.370000000000005,433.7,321
101,0,0,0,1,False,70.02,677.8000000000001,251
89,0,0,0,3,False,40.82,426.70000000000005,282
77,1,1,44,0,True,49.99999999999999,554.9,306
146,0,0,0,4,True,40.22,348.59999999999997,308
93,0,0,0,0,False,56.88,607.4,265
160,0,0,0,0,False,68.97,686.9000000000001,283
55,0,0,0,0,False,57.96,605.1,295
88,0,0,0,2,False,71.60000000000001,639.3000000000001,353
63,0,0,0,0,False,62.55,616.6000000000001,270
127,0,1,24,1,False,53.15,548.6,280
57,0,1,30,1,False,68.76,705.2,270
138,1,0,0,2,True,74.11,630.5999999999999,239
115,0,0,0,3,False,73.66000000000001,670.9000000000001,287
171,0,0,0,2,False,56.980000000000004,641.5999999999999,355
148,0,0,0,2,False,66.53,566.0,304
127,0,0,0,1,False,50.92999999999999,485.2,313
61,0,0,0,1,False,67.86,595.4,308
131,0,0,0,1,False,52.24999999999999,485.40000000000003,289
88,0,0,0,1,False,55.459999999999994,553.9,295
130,0,0,0,2,False,50.27,541.2,295
89,0,1,24,0,False,45.48,525.4,293
82,0,0,0,3,True,79.19,759.3,262
138,0,1,33,3,False,60.199999999999996,619.6,293
115,0,0,0,1,False,65.82,644.8,298
84,0,0,0,2,True,82.51,759.1000000000001,347
117,1,0,0,1,False,65.11,621.2,345
60,0,0,0,2,False,59.94,582.3,242
62,0,0,0,2,False,49.07,575.9,263
133,0,0,0,2,True,82.96,760.9,355
131,0,0,0,3,False,73.65,745.2,316
65,0,0,0,1,False,61.61,558.8,342
120,0,1,27,1,False,46.690000000000005,535.1,327
142,0,1,22,1,False,63.800000000000004,620.5999999999999,320
134,0,0,0,2,False,52.21000000000001,539.9,345
87,0,0,0,2,False,70.01,695.6,332
139,0,1,43,2,False,67.07,609.5999999999999,277
76,0,0,0,4,True,53.42,627.3,392
100,0,0,0,1,False,60.71,647.5,314
99,0,1,31,3,False,71.39999999999999,689.2,248
99,0,0,0,3,False,73.75999999999999,695.6999999999999,347
48,0,1,27,1,False,54.49000000000001,553.3,327
57,0,0,0,0,False,48.07,467.50000000000006,365
106,0,1,30,0,False,66.98,613.8,318
170,0,1,42,4,True,56.650000000000006,530.0,261
78,0,0,0,1,False,55.4,648.1,317
39,0,0,0,1,False,49.84,419.79999999999995,314
127,0,0,0,0,False,44.07,513.4,300
119,1,1,22,1,True,58.77,559.6,366
114,0,0,0,1,False,52.75,469.5,321
95,0,0,0,0,False,56.46,573.3000000000001,322
116,0,0,0,1,False,38.65,470.0,338
110,0,0,0,1,False,62.11,538.1,246
74,0,0,0,1,False,61.48,572.8,299
148,0,1,33,1,False,65.46000000000001,579.4,251
83,0,0,0,1,False,43.44,474.09999999999997,301
73,0,0,0,2,False,56.64,549.4,355
111,0,1,21,1,False,50.44,529.1999999999999,321
84,0,0,0,0,True,74.66000000000001,649.4,310
75,1,0,0,1,False,52.980000000000004,525.3,280
114,0,1,26,2,False,50.79,551.9,314
71,1,0,0,4,True,61.53999999999999,605.0,339
58,0,1,22,2,False,69.35000000000001,648.5999999999999,305
106,0,1,29,1,False,44.059999999999995,525.1,338
172,0,0,0,4,False,66.59,616.3999999999999,301
45,0,0,0,1,False,65.56,656.1999999999999,262
100,1,0,0,4,False,71.21,712.4000000000001,313
94,0,0,0,2,False,53.98,520.8,323
128,0,0,0,2,False,59.519999999999996,626.1999999999999,306
181,0,0,0,2,False,66.99,650.9000000000001,337
127,0,0,0,1,False,41.0,447.9,325
89,0,0,0,1,False,58.63999999999999,553.4,279
149,0,1,18,0,False,44.76,447.8,314
103,0,1,29,0,False,59.74999999999999,615.8,324
163,1,0,0,1,False,61.150000000000006,604.5999999999999,305
52,0,0,0,2,False,58.559999999999995,629.5,359
89,0,0,0,3,False,54.39,622.1,332
122,1,0,0,4,True,48.51,466.2,315
60,0,0,0,3,False,53.2,502.2,370
62,0,0,0,4,True,88.39,778.6,301
117,0,0,0,5,True,55.21,608.3000000000001,282
159,0,0,0,1,False,57.52,572.8000000000001,305
78,0,0,0,2,False,56.279999999999994,562.9,300
96,0,0,0,1,False,54.39999999999999,585.1999999999999,314
79,0,0,0,2,False,52.169999999999995,557.5999999999999,299
192,0,1,36,2,False,60.10000000000001,660.6999999999999,292
68,0,0,0,3,False,63.53,585.4,239
28,0,0,0,2,False,67.74,675.6,264
184,1,0,0,2,False,57.53,517.5999999999999,336
74,0,1,25,0,False,77.01,755.4,276
